feature_id,location_id,date,dengue_lag_1,dengue_lag_2,dengue_lag_4,dengue_rolling_4,malaria_lag_1,malaria_lag_4,rainfall_1,rainfall_2,rainfall_4,rainfall_8,temperature_1,temperature_2,temperature_4,rainfall_anomaly,temperature_anomaly,outbreak_target,population,urban_density,sanitation_index,municipality,state_name
1,1,2025-09-01,,,,1,1,4,21.038659232003347,9.694880894252233,,,27.090618024553578,25.095710100446468,,0.0,0.0,0,75485,7.886221237523404,0.30713061924767615,Acrelândia,Acre
2,1,2025-11-01,,,,1,1,1,150.85651506696428,21.038659232003347,,,27.1130092075893,27.090618024553578,,0.0,0.0,0,75485,7.886221237523404,0.30713061924767615,Acrelândia,Acre
3,10,2025-04-01,,,,20,41,9,257.05743408203125,190.79232788085938,,,24.90603543133807,24.90267935739439,,0.0,0.0,0,64175,5.654507242265555,0.3546861482729724,Mâncio Lima,Acre
4,10,2025-05-01,,,,12,20,90,202.84332275390625,257.05743408203125,,,24.82749779929577,24.90603543133807,,0.0,0.0,0,64175,5.654507242265555,0.3546861482729724,Mâncio Lima,Acre
5,10,2025-06-01,,,,12,12,50,208.9163360595703,202.84332275390625,,,24.225825264084506,24.82749779929577,,0.0,0.0,0,64175,5.654507242265555,0.3546861482729724,Mâncio Lima,Acre
6,10,2025-07-01,,,,3,12,41,78.6941909790039,208.9163360595703,,,23.92575924295778,24.225825264084506,,0.0,0.0,0,64175,5.654507242265555,0.3546861482729724,Mâncio Lima,Acre
7,10,2025-08-01,,,,9,3,20,83.47449493408203,78.6941909790039,,,24.262962147887322,23.92575924295778,,0.0,0.0,0,64175,5.654507242265555,0.3546861482729724,Mâncio Lima,Acre
8,10,2025-09-01,,,,12,9,12,71.75592041015625,83.47449493408203,,,25.503361575704275,24.262962147887322,,0.0,0.0,0,64175,5.654507242265555,0.3546861482729724,Mâncio Lima,Acre
9,10,2025-10-01,,,,13,12,12,130.79830932617188,71.75592041015625,,,25.24901518485916,25.503361575704275,,0.0,0.0,0,64175,5.654507242265555,0.3546861482729724,Mâncio Lima,Acre
10,10,2025-11-01,,,,20,13,3,194.28306579589844,130.79830932617188,,,24.715647007042264,25.24901518485916,,0.0,0.0,0,64175,5.654507242265555,0.3546861482729724,Mâncio Lima,Acre
11,10,2025-12-01,,,,1,20,9,189.93399047851562,194.28306579589844,,,24.895884683098586,24.715647007042264,,46.68537902832031,-0.32651573503520126,0,64175,5.654507242265555,0.3546861482729724,Mâncio Lima,Acre
12,12,2025-04-01,,,,5,4,6,295.920556640625,209.178857421875,,,24.8010878696237,24.88167002688175,,0.0,0.0,0,83446,18.82783497388396,0.2900644431392043,Marechal Thaumaturgo,Acre
13,12,2025-05-01,,,,6,5,35,185.202392578125,295.920556640625,,,24.81385668682799,24.8010878696237,,0.0,0.0,0,83446,18.82783497388396,0.2900644431392043,Marechal Thaumaturgo,Acre
14,12,2025-06-01,,,,4,6,19,158.77218017578124,185.202392578125,,,24.27819640456994,24.81385668682799,,0.0,0.0,0,83446,18.82783497388396,0.2900644431392043,Marechal Thaumaturgo,Acre
15,12,2025-07-01,,,,1,4,4,63.293017578125,158.77218017578124,,,23.83979334677423,24.27819640456994,,0.0,0.0,0,83446,18.82783497388396,0.2900644431392043,Marechal Thaumaturgo,Acre
16,13,2025-04-01,,,,27,55,8,257.75408935546875,322.9421691894531,,,25.06100484913793,25.2460129310345,,0.0,0.0,0,18127,13.446962321356487,0.35505903470391026,Plácido de Castro,Acre
17,13,2025-05-01,,,,40,27,148,261.2955017089844,257.75408935546875,,,25.104108297413802,25.06100484913793,,0.0,0.0,0,18127,13.446962321356487,0.35505903470391026,Plácido de Castro,Acre
18,13,2025-06-01,,,,22,40,97,58.31561279296875,261.2955017089844,,,25.111920797413802,25.104108297413802,,0.0,0.0,0,18127,13.446962321356487,0.35505903470391026,Plácido de Castro,Acre
19,13,2025-07-01,,,,21,22,55,23.32090950012207,58.31561279296875,,,24.463550646551766,25.111920797413802,,0.0,0.0,0,18127,13.446962321356487,0.35505903470391026,Plácido de Castro,Acre
20,13,2025-08-01,,,,21,21,27,11.006006240844727,23.32090950012207,,,24.826899245689674,24.463550646551766,,0.0,0.0,0,18127,13.446962321356487,0.35505903470391026,Plácido de Castro,Acre
21,13,2025-09-01,,,,34,21,40,16.502975463867188,11.006006240844727,,,26.716109913793105,24.826899245689674,,0.0,0.0,0,18127,13.446962321356487,0.35505903470391026,Plácido de Castro,Acre
22,13,2025-10-01,,,,51,34,22,140.60301208496094,16.502975463867188,,,26.863469827586243,26.716109913793105,,0.0,0.0,0,18127,13.446962321356487,0.35505903470391026,Plácido de Castro,Acre
23,13,2025-11-01,,,,27,51,21,151.9217529296875,140.60301208496094,,,26.463314924568976,26.863469827586243,,0.0,0.0,0,18127,13.446962321356487,0.35505903470391026,Plácido de Castro,Acre
24,13,2025-12-01,,,,19,27,21,154.6376495361328,151.9217529296875,,,25.98591056034485,26.463314924568976,,118.67675399780273,-0.42221174568965125,0,18127,13.446962321356487,0.35505903470391026,Plácido de Castro,Acre
25,15,2025-06-01,,,,2,2,1,163.8893310546875,202.18642578125,,,24.481321957236844,24.98255550986846,,0.0,0.0,0,39695,13.505527310126231,0.2670647812931861,Porto Walter,Acre
26,15,2025-07-01,,,,1,2,1,63.75740356445313,163.8893310546875,,,24.009385279605283,24.481321957236844,,0.0,0.0,0,39695,13.505527310126231,0.2670647812931861,Porto Walter,Acre
27,15,2025-08-01,,,,2,1,1,81.74219970703125,63.75740356445313,,,24.280047286184242,24.009385279605283,,0.0,0.0,0,39695,13.505527310126231,0.2670647812931861,Porto Walter,Acre
28,15,2025-10-01,,,,2,2,2,69.61103515625,81.74219970703125,,,25.794952713815803,24.280047286184242,,0.0,0.0,0,39695,13.505527310126231,0.2670647812931861,Porto Walter,Acre
29,15,2025-11-01,,,,3,2,2,183.5156982421875,69.61103515625,,,24.982606907894763,25.794952713815803,,0.0,0.0,0,39695,13.505527310126231,0.2670647812931861,Porto Walter,Acre
30,15,2025-12-01,,,,10,3,1,182.949755859375,183.5156982421875,,,24.781589226973722,24.982606907894763,,0.0,0.0,1,39695,13.505527310126231,0.2670647812931861,Porto Walter,Acre
31,17,2025-04-01,,,,11,18,3,270.26431039663464,206.26423527644232,,,25.0404994419643,25.011342075892856,,0.0,0.0,0,37945,9.117541972235118,0.17452692732784358,Rodrigues Alves,Acre
32,17,2025-05-01,,,,11,11,34,214.4789100060096,270.26431039663464,,,24.903641183035745,25.0404994419643,,0.0,0.0,0,37945,9.117541972235118,0.17452692732784358,Rodrigues Alves,Acre
33,17,2025-06-01,,,,3,11,24,193.10595703125,214.4789100060096,,,24.337932477678578,24.903641183035745,,0.0,0.0,0,37945,9.117541972235118,0.17452692732784358,Rodrigues Alves,Acre
34,17,2025-07-01,,,,8,3,18,72.75997690054086,193.10595703125,,,23.974558221726227,24.337932477678578,,0.0,0.0,0,37945,9.117541972235118,0.17452692732784358,Rodrigues Alves,Acre
35,17,2025-08-01,,,,7,8,11,88.63983623798077,72.75997690054086,,,24.273339843750023,23.974558221726227,,0.0,0.0,0,37945,9.117541972235118,0.17452692732784358,Rodrigues Alves,Acre
36,17,2025-09-01,,,,7,7,11,63.44281475360577,88.63983623798077,,,25.491810825892856,24.273339843750023,,0.0,0.0,0,37945,9.117541972235118,0.17452692732784358,Rodrigues Alves,Acre
37,17,2025-10-01,,,,6,7,3,135.01507098858173,63.44281475360577,,,25.395642671130986,25.491810825892856,,0.0,0.0,0,37945,9.117541972235118,0.17452692732784358,Rodrigues Alves,Acre
38,17,2025-11-01,,,,6,6,8,208.12883112980768,135.01507098858173,,,24.85106956845243,25.395642671130986,,0.0,0.0,0,37945,9.117541972235118,0.17452692732784358,Rodrigues Alves,Acre
39,17,2025-12-01,,,,2,6,7,200.7347693810096,208.12883112980768,,,24.85290643601195,24.85106956845243,,45.3279325045072,-0.3402622767857224,0,37945,9.117541972235118,0.17452692732784358,Rodrigues Alves,Acre
40,20,2025-04-01,,,,19,8,1,249.7143310546875,280.6907958984375,,,25.044464432565803,25.2650647615132,,0.0,0.0,0,69092,17.131729988495582,0.34908420779983085,Senador Guiomard,Acre
41,20,2025-05-01,,,,26,19,8,260.8470947265625,249.7143310546875,,,25.120070929276324,25.044464432565803,,0.0,0.0,1,69092,17.131729988495582,0.34908420779983085,Senador Guiomard,Acre
42,20,2025-06-01,,,,18,26,13,64.34437255859375,260.8470947265625,,,25.147928659539502,25.120070929276324,,0.0,0.0,0,69092,17.131729988495582,0.34908420779983085,Senador Guiomard,Acre
43,20,2025-07-01,,,,15,18,8,25.52129211425781,64.34437255859375,,,24.501007401315803,25.147928659539502,,0.0,0.0,0,69092,17.131729988495582,0.34908420779983085,Senador Guiomard,Acre
44,20,2025-08-01,,,,21,15,19,10.86748046875,25.52129211425781,,,24.856758840460543,24.501007401315803,,0.0,0.0,1,69092,17.131729988495582,0.34908420779983085,Senador Guiomard,Acre
45,20,2025-09-01,,,,11,21,26,16.478916931152344,10.86748046875,,,26.768251439144763,24.856758840460543,,0.0,0.0,0,69092,17.131729988495582,0.34908420779983085,Senador Guiomard,Acre
46,20,2025-10-01,,,,11,11,18,147.62413330078124,16.478916931152344,,,26.853623560855283,26.768251439144763,,0.0,0.0,0,69092,17.131729988495582,0.34908420779983085,Senador Guiomard,Acre
47,20,2025-11-01,,,,5,11,15,144.2653076171875,147.62413330078124,,,26.448889802631584,26.853623560855283,,0.0,0.0,0,69092,17.131729988495582,0.34908420779983085,Senador Guiomard,Acre
48,20,2025-12-01,,,,1,5,21,150.340478515625,144.2653076171875,,,25.962021998355283,26.448889802631584,,129.30713806152346,-0.42354543585526017,0,69092,17.131729988495582,0.34908420779983085,Senador Guiomard,Acre
49,21,2025-04-01,,,,3,6,1,280.82392578125,307.9564453125,,,25.14317938112748,25.00734145220588,,0.0,0.0,0,72868,13.778489283079562,0.43731430248763903,Tarauacá,Acre
50,21,2025-05-01,,,,7,3,18,223.621875,280.82392578125,,,25.128147977941182,25.14317938112748,,0.0,0.0,0,72868,13.778489283079562,0.43731430248763903,Tarauacá,Acre
51,21,2025-06-01,,,,3,7,8,121.9287353515625,223.621875,,,24.70690487132356,25.128147977941182,,0.0,0.0,0,72868,13.778489283079562,0.43731430248763903,Tarauacá,Acre
52,21,2025-07-01,,,,9,3,6,53.473876953125,121.9287353515625,,,24.198326439951018,24.70690487132356,,0.0,0.0,0,72868,13.778489283079562,0.43731430248763903,Tarauacá,Acre
53,21,2025-08-01,,,,5,9,3,37.893646240234375,53.473876953125,,,24.66686580882356,24.198326439951018,,0.0,0.0,0,72868,13.778489283079562,0.43731430248763903,Tarauacá,Acre
54,21,2025-10-01,,,,1,5,7,49.20025634765625,37.893646240234375,,,26.228063725490244,24.66686580882356,,0.0,0.0,0,72868,13.778489283079562,0.43731430248763903,Tarauacá,Acre
55,125,2025-05-01,,,,1,1,4,279.5782063802083,352.851806640625,,,25.26322244623657,25.018094758064535,,0.0,0.0,0,93084,9.370619335390556,0.23330923573202933,Amapá,Amapá
56,125,2025-06-01,,,,2,1,1,288.56353759765625,279.5782063802083,,,25.415524193548436,25.26322244623657,,0.0,0.0,0,93084,9.370619335390556,0.23330923573202933,Amapá,Amapá
57,125,2025-07-01,,,,2,2,1,174.12799072265625,288.56353759765625,,,25.695514112903254,25.415524193548436,,0.0,0.0,0,93084,9.370619335390556,0.23330923573202933,Amapá,Amapá
58,125,2025-08-01,,,,4,2,1,150.5899861653646,174.12799072265625,,,25.711139112903254,25.695514112903254,,0.0,0.0,0,93084,9.370619335390556,0.23330923573202933,Amapá,Amapá
59,125,2025-09-01,,,,2,4,1,71.80768330891927,150.5899861653646,,,26.21987567204303,25.711139112903254,,0.0,0.0,0,93084,9.370619335390556,0.23330923573202933,Amapá,Amapá
60,125,2025-10-01,,,,2,2,2,14.654169718424479,71.80768330891927,,,27.46983366935484,26.21987567204303,,0.0,0.0,0,93084,9.370619335390556,0.23330923573202933,Amapá,Amapá
61,125,2025-11-01,,,,2,2,2,9.567776362101236,14.654169718424479,,,27.91964045698927,27.46983366935484,,0.0,0.0,0,93084,9.370619335390556,0.23330923573202933,Amapá,Amapá
62,125,2025-12-01,,,,5,2,4,30.006459554036457,9.567776362101236,,,27.767401713709717,27.91964045698927,,0.0,0.0,1,93084,9.370619335390556,0.23330923573202933,Amapá,Amapá
63,128,2025-04-01,,,,4,6,1,390.2191868832237,296.18994140625,,,24.481696428571468,24.431845238095264,,0.0,0.0,0,67288,13.143235690666959,0.2616618201863063,Ferreira Gomes,Amapá
64,128,2025-05-01,,,,6,4,1,225.41514185855263,390.2191868832237,,,24.845814732142856,24.481696428571468,,0.0,0.0,0,67288,13.143235690666959,0.2616618201863063,Ferreira Gomes,Amapá
65,128,2025-06-01,,,,1,6,1,323.93824527138156,225.41514185855263,,,25.178373015873035,24.845814732142856,,0.0,0.0,0,67288,13.143235690666959,0.2616618201863063,Ferreira Gomes,Amapá
66,128,2025-07-01,,,,2,1,6,236.52161287006578,323.93824527138156,,,25.065897817460325,25.178373015873035,,0.0,0.0,0,67288,13.143235690666959,0.2616618201863063,Ferreira Gomes,Amapá
67,128,2025-08-01,,,,5,2,4,159.44351356907896,236.52161287006578,,,25.183178323412733,25.065897817460325,,0.0,0.0,0,67288,13.143235690666959,0.2616618201863063,Ferreira Gomes,Amapá
68,128,2025-09-01,,,,1,5,6,69.34037057976974,159.44351356907896,,,25.933023313492072,25.183178323412733,,0.0,0.0,0,67288,13.143235690666959,0.2616618201863063,Ferreira Gomes,Amapá
69,128,2025-10-01,,,,1,1,1,30.247108861019736,69.34037057976974,,,27.937425595238096,25.933023313492072,,0.0,0.0,0,67288,13.143235690666959,0.2616618201863063,Ferreira Gomes,Amapá
70,128,2025-11-01,,,,3,1,2,17.29724763569079,30.247108861019736,,,28.361904761904782,27.937425595238096,,0.0,0.0,0,67288,13.143235690666959,0.2616618201863063,Ferreira Gomes,Amapá
71,128,2025-12-01,,,,11,3,5,97.20263671875,17.29724763569079,,,28.272991071428578,28.361904761904782,,-37.35102924547698,0.2967819940476204,1,67288,13.143235690666959,0.2616618201863063,Ferreira Gomes,Amapá
72,130,2025-07-01,,,,1,2,4,277.1669108072917,319.20391167534723,,,24.773032407407413,24.3092978395062,,0.0,0.0,0,98891,16.57039985878042,0.49347980597429875,Laranjal do Jari,Amapá
73,130,2025-08-01,,,,1,1,3,169.79549153645834,277.1669108072917,,,24.64277584876544,24.773032407407413,,0.0,0.0,0,98891,16.57039985878042,0.49347980597429875,Laranjal do Jari,Amapá
74,130,2025-09-01,,,,3,1,2,102.60944281684027,169.79549153645834,,,25.210339506172886,24.64277584876544,,0.0,0.0,0,98891,16.57039985878042,0.49347980597429875,Laranjal do Jari,Amapá
75,130,2025-11-01,,,,2,3,2,43.30259874131944,102.60944281684027,,,27.786969521604988,25.210339506172886,,0.0,0.0,0,98891,16.57039985878042,0.49347980597429875,Laranjal do Jari,Amapá
76,130,2025-12-01,,,,2,2,1,49.032491048177086,43.30259874131944,,,28.069931520061743,27.786969521604988,,0.0,0.0,0,98891,16.57039985878042,0.49347980597429875,Laranjal do Jari,Amapá
77,131,2025-04-01,,,,18,16,1,367.44668856534093,314.5369984019886,,,25.010730698529414,24.84747242647063,,0.0,0.0,0,20119,19.15796999140549,0.4404016744812896,Macapá,Amapá
78,131,2025-05-01,,,,9,18,24,251.81190074573863,367.44668856534093,,,25.434644990808863,25.010730698529414,,0.0,0.0,0,20119,19.15796999140549,0.4404016744812896,Macapá,Amapá
79,131,2025-06-01,,,,5,9,17,284.3982599431818,251.81190074573863,,,25.852383961397095,25.434644990808863,,0.0,0.0,0,20119,19.15796999140549,0.4404016744812896,Macapá,Amapá
80,131,2025-07-01,,,,7,5,16,261.4354802911932,284.3982599431818,,,25.91255744485295,25.852383961397095,,0.0,0.0,0,20119,19.15796999140549,0.4404016744812896,Macapá,Amapá
81,131,2025-08-01,,,,9,7,18,178.7896062677557,261.4354802911932,,,25.997805606617646,25.91255744485295,,0.0,0.0,0,20119,19.15796999140549,0.4404016744812896,Macapá,Amapá
82,131,2025-09-01,,,,26,9,9,63.25629771839488,178.7896062677557,,,26.563407628676487,25.997805606617646,,0.0,0.0,0,20119,19.15796999140549,0.4404016744812896,Macapá,Amapá
83,131,2025-10-01,,,,35,26,5,21.425270774147727,63.25629771839488,,,27.71569393382356,26.563407628676487,,0.0,0.0,1,20119,19.15796999140549,0.4404016744812896,Macapá,Amapá
84,131,2025-11-01,,,,39,35,7,6.322863492098722,21.425270774147727,,,28.160374540441182,27.71569393382356,,0.0,0.0,1,20119,19.15796999140549,0.4404016744812896,Macapá,Amapá
85,131,2025-12-01,,,,16,39,9,31.927068536931817,6.322863492098722,,,28.125821461397095,28.160374540441182,,-62.167522083629265,0.17138671875,0,20119,19.15796999140549,0.4404016744812896,Macapá,Amapá
86,132,2025-04-01,,,,4,1,3,331.9739774816176,313.9661649816176,,,24.612729458041997,24.598115166083915,,0.0,0.0,0,52468,1.7092107145073783,0.33488333617320387,Mazagão,Amapá
87,132,2025-05-01,,,,1,4,12,206.7457778033088,331.9739774816176,,,25.069624125874157,24.612729458041997,,0.0,0.0,0,52468,1.7092107145073783,0.33488333617320387,Mazagão,Amapá
88,132,2025-07-01,,,,1,1,7,316.33415670955884,206.7457778033088,,,25.38583916083917,25.069624125874157,,0.0,0.0,0,52468,1.7092107145073783,0.33488333617320387,Mazagão,Amapá
89,132,2025-08-01,,,,1,1,1,159.36326688878677,316.33415670955884,,,25.28102600524477,25.38583916083917,,0.0,0.0,0,52468,1.7092107145073783,0.33488333617320387,Mazagão,Amapá
90,132,2025-09-01,,,,2,1,4,79.00396369485294,159.36326688878677,,,26.003135926573464,25.28102600524477,,0.0,0.0,0,52468,1.7092107145073783,0.33488333617320387,Mazagão,Amapá
91,132,2025-10-01,,,,2,2,1,50.86065314797794,79.00396369485294,,,27.636658653846155,26.003135926573464,,0.0,0.0,0,52468,1.7092107145073783,0.33488333617320387,Mazagão,Amapá
92,132,2025-11-01,,,,1,2,1,28.095961626838236,50.86065314797794,,,27.99092548076925,27.636658653846155,,0.0,0.0,0,52468,1.7092107145073783,0.33488333617320387,Mazagão,Amapá
93,132,2025-12-01,,,,4,1,1,54.25839412913603,28.095961626838236,,,28.200743006993036,27.99092548076925,,-29.036793428308826,0.21976070804197434,0,52468,1.7092107145073783,0.33488333617320387,Mazagão,Amapá
94,133,2025-04-01,,,,116,114,19,299.40976186899036,349.2003831129808,,,24.869209956709994,24.531547619047615,,0.0,0.0,0,83744,3.043788390175914,0.23991282790382273,Oiapoque,Amapá
95,133,2025-05-01,,,,113,116,127,257.85779747596155,299.40976186899036,,,24.88500405844161,24.869209956709994,,0.0,0.0,0,83744,3.043788390175914,0.23991282790382273,Oiapoque,Amapá
96,133,2025-06-01,,,,102,113,128,346.37124399038464,257.85779747596155,,,24.83532196969702,24.88500405844161,,0.0,0.0,0,83744,3.043788390175914,0.23991282790382273,Oiapoque,Amapá
97,133,2025-07-01,,,,101,102,114,271.5001878004808,346.37124399038464,,,24.958394209956737,24.83532196969702,,0.0,0.0,0,83744,3.043788390175914,0.23991282790382273,Oiapoque,Amapá
98,133,2025-08-01,,,,98,101,116,165.40394005408655,271.5001878004808,,,25.166220238095264,24.958394209956737,,0.0,0.0,0,83744,3.043788390175914,0.23991282790382273,Oiapoque,Amapá
99,133,2025-09-01,,,,130,98,113,72.2474834735577,165.40394005408655,,,25.585389610389655,25.166220238095264,,0.0,0.0,0,83744,3.043788390175914,0.23991282790382273,Oiapoque,Amapá
100,133,2025-10-01,,,,173,130,102,15.82654278094952,72.2474834735577,,,27.351826298701326,25.585389610389655,,0.0,0.0,1,83744,3.043788390175914,0.23991282790382273,Oiapoque,Amapá
101,133,2025-11-01,,,,163,173,101,40.77340932992789,15.82654278094952,,,27.699093614718663,27.351826298701326,,0.0,0.0,1,83744,3.043788390175914,0.23991282790382273,Oiapoque,Amapá
102,133,2025-12-01,,,,129,163,98,72.33826622596153,40.77340932992789,,,27.210795454545462,27.699093614718663,,-17.851398174579344,0.12515219155844193,0,83744,3.043788390175914,0.23991282790382273,Oiapoque,Amapá
103,134,2025-04-01,,,,21,12,4,351.8694035456731,315.84281099759613,,,24.304674030172464,24.19927262931037,,0.0,0.0,0,42397,14.954592204055087,0.2718001990114078,Pedra Branca do Amapari,Amapá
104,134,2025-05-01,,,,16,21,15,217.53568209134616,351.8694035456731,,,24.55669450431037,24.304674030172464,,0.0,0.0,0,42397,14.954592204055087,0.2718001990114078,Pedra Branca do Amapari,Amapá
105,134,2025-06-01,,,,8,16,6,308.93306790865387,217.53568209134616,,,24.829694234913802,24.55669450431037,,0.0,0.0,0,42397,14.954592204055087,0.2718001990114078,Pedra Branca do Amapari,Amapá
106,134,2025-07-01,,,,21,8,12,229.55179537259616,308.93306790865387,,,24.606768588362115,24.829694234913802,,0.0,0.0,0,42397,14.954592204055087,0.2718001990114078,Pedra Branca do Amapari,Amapá
107,134,2025-08-01,,,,37,21,21,155.94864595853366,229.55179537259616,,,24.793898168103453,24.606768588362115,,0.0,0.0,0,42397,14.954592204055087,0.2718001990114078,Pedra Branca do Amapari,Amapá
108,134,2025-09-01,,,,44,37,16,64.09461857722356,155.94864595853366,,,25.574003232758628,24.793898168103453,,0.0,0.0,0,42397,14.954592204055087,0.2718001990114078,Pedra Branca do Amapari,Amapá
109,134,2025-10-01,,,,52,44,8,47.77981802133414,64.09461857722356,,,28.294908405172464,25.574003232758628,,0.0,0.0,0,42397,14.954592204055087,0.2718001990114078,Pedra Branca do Amapari,Amapá
110,134,2025-11-01,,,,56,52,21,47.01217886117789,47.77981802133414,,,28.32370016163793,28.294908405172464,,0.0,0.0,1,42397,14.954592204055087,0.2718001990114078,Pedra Branca do Amapari,Amapá
111,134,2025-12-01,,,,53,56,37,93.91363055889423,47.01217886117789,,,28.106633890086243,28.32370016163793,,-30.26055203951323,0.30005724676723844,1,42397,14.954592204055087,0.2718001990114078,Pedra Branca do Amapari,Amapá
112,135,2025-05-01,,,,7,3,3,201.79562557444854,390.7676355698529,,,24.9270464085821,24.53674207089557,,0.0,0.0,0,51161,18.525539141851997,0.32129484887826043,Porto Grande,Amapá
113,135,2025-06-01,,,,19,7,3,311.71355124080884,201.79562557444854,,,25.28921991604477,24.9270464085821,,0.0,0.0,0,51161,18.525539141851997,0.32129484887826043,Porto Grande,Amapá
114,135,2025-07-01,,,,9,19,5,239.6878159466912,311.71355124080884,,,25.06682602611943,25.28921991604477,,0.0,0.0,0,51161,18.525539141851997,0.32129484887826043,Porto Grande,Amapá
115,135,2025-08-01,,,,14,9,3,170.8476993336397,239.6878159466912,,,25.253189132462694,25.06682602611943,,0.0,0.0,0,51161,18.525539141851997,0.32129484887826043,Porto Grande,Amapá
116,135,2025-09-01,,,,28,14,7,64.49441348805146,170.8476993336397,,,26.01552005597017,25.253189132462694,,0.0,0.0,0,51161,18.525539141851997,0.32129484887826043,Porto Grande,Amapá
117,135,2025-10-01,,,,54,28,19,42.85330379710478,64.49441348805146,,,27.838018889925422,26.01552005597017,,0.0,0.0,0,51161,18.525539141851997,0.32129484887826043,Porto Grande,Amapá
118,135,2025-11-01,,,,91,54,9,25.10049258961397,42.85330379710478,,,28.190251865671655,27.838018889925422,,0.0,0.0,1,51161,18.525539141851997,0.32129484887826043,Porto Grande,Amapá
119,135,2025-12-01,,,,57,91,14,95.6984504250919,25.10049258961397,,,28.189319029850765,28.190251865671655,,0.0,0.0,1,51161,18.525539141851997,0.32129484887826043,Porto Grande,Amapá
120,138,2025-04-01,,,,6,5,1,336.07691592261904,320.67017764136904,,,24.443338815789502,24.283264802631606,,0.0,0.0,0,3206,6.452446536489374,0.23575366488872682,Serra do Navio,Amapá
121,138,2025-05-01,,,,8,6,6,254.2431408110119,336.07691592261904,,,24.629851973684254,24.443338815789502,,0.0,0.0,0,3206,6.452446536489374,0.23575366488872682,Serra do Navio,Amapá
122,138,2025-06-01,,,,15,8,8,323.92450241815476,254.2431408110119,,,24.816735197368416,24.629851973684254,,0.0,0.0,0,3206,6.452446536489374,0.23575366488872682,Serra do Navio,Amapá
123,138,2025-07-01,,,,12,15,5,230.23895554315476,323.92450241815476,,,24.72707648026318,24.816735197368416,,0.0,0.0,0,3206,6.452446536489374,0.23575366488872682,Serra do Navio,Amapá
124,138,2025-08-01,,,,16,12,6,176.5678478422619,230.23895554315476,,,24.831578947368428,24.72707648026318,,0.0,0.0,0,3206,6.452446536489374,0.23575366488872682,Serra do Navio,Amapá
125,138,2025-09-01,,,,15,16,8,70.95849609375,176.5678478422619,,,25.6141858552632,24.831578947368428,,0.0,0.0,0,3206,6.452446536489374,0.23575366488872682,Serra do Navio,Amapá
126,138,2025-10-01,,,,16,15,15,35.108453659784224,70.95849609375,,,28.379523026315837,25.6141858552632,,0.0,0.0,0,3206,6.452446536489374,0.23575366488872682,Serra do Navio,Amapá
127,138,2025-11-01,,,,26,16,12,45.544590541294646,35.108453659784224,,,28.492105263157896,28.379523026315837,,0.0,0.0,1,3206,6.452446536489374,0.23575366488872682,Serra do Navio,Amapá
128,138,2025-12-01,,,,40,26,16,102.75890531994048,45.544590541294646,,,28.134724506578948,28.492105263157896,,-36.41216169084822,0.2562191611841911,1,3206,6.452446536489374,0.23575366488872682,Serra do Navio,Amapá
129,139,2025-05-01,,,,2,10,4,252.44861557904412,381.88034237132354,,,24.99676339285719,24.679976663961043,,0.0,0.0,0,87178,8.785905207588518,0.46735083786067283,Tartarugalzinho,Amapá
130,139,2025-06-01,,,,2,2,3,298.23509306066177,252.44861557904412,,,25.26066355519481,24.99676339285719,,0.0,0.0,0,87178,8.785905207588518,0.46735083786067283,Tartarugalzinho,Amapá
131,139,2025-07-01,,,,3,2,2,198.42217658547793,298.23509306066177,,,25.343709415584442,25.26066355519481,,0.0,0.0,0,87178,8.785905207588518,0.46735083786067283,Tartarugalzinho,Amapá
132,139,2025-08-01,,,,1,3,10,127.04707605698529,198.42217658547793,,,25.420667613636397,25.343709415584442,,0.0,0.0,0,87178,8.785905207588518,0.46735083786067283,Tartarugalzinho,Amapá
133,139,2025-09-01,,,,2,1,2,77.58282111672794,127.04707605698529,,,26.002927150974074,25.420667613636397,,0.0,0.0,0,87178,8.785905207588518,0.46735083786067283,Tartarugalzinho,Amapá
134,139,2025-10-01,,,,2,2,2,21.390739889705884,77.58282111672794,,,27.680839082792204,26.002927150974074,,0.0,0.0,0,87178,8.785905207588518,0.46735083786067283,Tartarugalzinho,Amapá
135,139,2025-11-01,,,,5,2,3,11.495763442095589,21.390739889705884,,,28.28668831168835,27.680839082792204,,0.0,0.0,0,87178,8.785905207588518,0.46735083786067283,Tartarugalzinho,Amapá
136,139,2025-12-01,,,,6,5,1,62.03451717601103,11.495763442095589,,,28.14852374188314,28.28668831168835,,0.0,0.0,1,87178,8.785905207588518,0.46735083786067283,Tartarugalzinho,Amapá
137,141,2025-03-01,,,,48,53,1,258.75321237664474,314.8290501644737,,,25.593216849662213,26.230595439189187,,0.0,0.0,0,3985,13.392417547795517,0.27069811951931033,Alvarães,Amazonas
138,141,2025-04-01,,,,53,48,8,290.6401881167763,258.75321237664474,,,26.107495777027054,25.593216849662213,,0.0,0.0,0,3985,13.392417547795517,0.27069811951931033,Alvarães,Amazonas
139,141,2025-05-01,,,,108,53,49,303.48301295230266,290.6401881167763,,,26.040614442567573,26.107495777027054,,0.0,0.0,0,3985,13.392417547795517,0.27069811951931033,Alvarães,Amazonas
140,141,2025-06-01,,,,150,108,53,262.31907894736844,303.48301295230266,,,25.753425886824346,26.040614442567573,,0.0,0.0,0,3985,13.392417547795517,0.27069811951931033,Alvarães,Amazonas
141,141,2025-07-01,,,,331,150,48,196.6323884662829,262.31907894736844,,,25.517968750000023,25.753425886824346,,0.0,0.0,1,3985,13.392417547795517,0.27069811951931033,Alvarães,Amazonas
142,141,2025-08-01,,,,330,331,53,59.67063502261513,196.6323884662829,,,25.72634607263518,25.517968750000023,,-70.8520443564967,-1.3051625844594525,1,3985,13.392417547795517,0.27069811951931033,Alvarães,Amazonas
143,141,2025-09-01,,,,232,330,108,109.99118523848684,59.67063502261513,,,26.060383234797314,25.72634607263518,,0.0,0.0,0,3985,13.392417547795517,0.27069811951931033,Alvarães,Amazonas
144,141,2025-10-01,,,,184,232,150,164.317138671875,109.99118523848684,,,27.008678209459504,26.060383234797314,,0.0,0.0,0,3985,13.392417547795517,0.27069811951931033,Alvarães,Amazonas
145,141,2025-11-01,,,,93,184,331,182.884765625,164.317138671875,,,26.710377956081118,27.008678209459504,,0.0,0.0,0,3985,13.392417547795517,0.27069811951931033,Alvarães,Amazonas
146,141,2025-12-01,,,,47,93,330,244.63733552631578,182.884765625,,,26.513376266891896,26.710377956081118,,76.2198486328125,0.13786687077703164,0,3985,13.392417547795517,0.27069811951931033,Alvarães,Amazonas
147,142,2025-04-01,,,,206,99,1,262.37633338341345,371.73486328125,,,25.934821428571468,25.331061662946468,,0.0,0.0,0,97795,13.731526543577584,0.3216392930644018,Amaturá,Amazonas
148,142,2025-05-01,,,,291,206,7,332.58695162259613,262.37633338341345,,,25.974686104910745,25.934821428571468,,42.85145451472357,0.2825927734375,0,97795,13.731526543577584,0.3216392930644018,Amaturá,Amazonas
149,142,2025-06-01,,,,334,291,58,303.37796724759613,332.58695162259613,,,25.402420479910745,25.974686104910745,,0.0,0.0,0,97795,13.731526543577584,0.3216392930644018,Amaturá,Amazonas
150,142,2025-07-01,,,,611,334,99,162.53863055889423,303.37796724759613,,,25.167138671875023,25.402420479910745,,0.0,0.0,1,97795,13.731526543577584,0.3216392930644018,Amaturá,Amazonas
151,142,2025-08-01,,,,558,611,206,142.02850811298077,162.53863055889423,,,25.358021763392856,25.167138671875023,,0.0,0.0,1,97795,13.731526543577584,0.3216392930644018,Amaturá,Amazonas
152,142,2025-09-01,,,,173,558,291,102.39047475961539,142.02850811298077,,,25.60809151785719,25.358021763392856,,0.0,0.0,0,97795,13.731526543577584,0.3216392930644018,Amaturá,Amazonas
153,142,2025-10-01,,,,105,173,334,193.72284405048077,102.39047475961539,,,26.53240792410719,25.60809151785719,,0.0,0.0,0,97795,13.731526543577584,0.3216392930644018,Amaturá,Amazonas
154,142,2025-11-01,,,,69,105,611,178.44041090745193,193.72284405048077,,,26.340862165178578,26.53240792410719,,0.0,0.0,0,97795,13.731526543577584,0.3216392930644018,Amaturá,Amazonas
155,142,2025-12-01,,,,98,69,558,178.31300706129807,178.44041090745193,,,26.314599609375023,26.340862165178578,,0.0,0.0,0,97795,13.731526543577584,0.3216392930644018,Amaturá,Amazonas
156,146,2025-03-01,,,,85,84,1,371.76711593511453,258.3953661736641,,,24.94343971631207,25.77012411347522,,0.0,0.0,0,85564,17.757287052593846,0.2584025003972965,Atalaia do Norte,Amazonas
157,146,2025-04-01,,,,134,85,3,256.40845658396944,371.76711593511453,,,25.347495567375915,24.94343971631207,,0.0,0.0,0,85564,17.757287052593846,0.2584025003972965,Atalaia do Norte,Amazonas
158,146,2025-05-01,,,,243,134,173,276.28357585877865,256.40845658396944,,,25.465824468085145,25.347495567375915,,0.0,0.0,1,85564,17.757287052593846,0.2584025003972965,Atalaia do Norte,Amazonas
159,146,2025-06-01,,,,202,243,84,226.29031488549617,276.28357585877865,,,25.04335106382979,25.465824468085145,,0.0,0.0,0,85564,17.757287052593846,0.2584025003972965,Atalaia do Norte,Amazonas
160,146,2025-07-01,,,,256,202,85,93.32456911975191,226.29031488549617,,,24.77333776595748,25.04335106382979,,0.0,0.0,1,85564,17.757287052593846,0.2584025003972965,Atalaia do Norte,Amazonas
161,146,2025-08-01,,,,233,256,134,74.65670473520993,93.32456911975191,,,24.960150709219874,24.77333776595748,,0.0,0.0,0,85564,17.757287052593846,0.2584025003972965,Atalaia do Norte,Amazonas
162,146,2025-09-01,,,,139,233,243,85.02154401240458,74.65670473520993,,,25.43036347517733,24.960150709219874,,0.0,0.0,0,85564,17.757287052593846,0.2584025003972965,Atalaia do Norte,Amazonas
163,146,2025-10-01,,,,105,139,202,197.89020753816794,85.02154401240458,,,25.761214539007142,25.43036347517733,,0.0,0.0,0,85564,17.757287052593846,0.2584025003972965,Atalaia do Norte,Amazonas
164,146,2025-11-01,,,,75,105,256,181.92569179389312,197.89020753816794,,,25.43632535460995,25.761214539007142,,-5.597380427003827,-0.7004321808510667,0,85564,17.757287052593846,0.2584025003972965,Atalaia do Norte,Amazonas
165,146,2025-12-01,,,,48,75,233,203.90079317748092,181.92569179389312,,,25.58929521276599,25.43632535460995,,35.27787303196567,-0.09740691489361097,0,85564,17.757287052593846,0.2584025003972965,Atalaia do Norte,Amazonas
166,147,2025-04-01,,,,66,64,2,376.3103841145833,266.3700358072917,,,26.30243055555559,26.00208333333336,,0.0,0.0,1,90433,9.247037937538778,0.42158811311551375,Autazes,Amazonas
167,147,2025-05-01,,,,40,66,14,216.76898193359375,376.3103841145833,,,26.84796006944447,26.30243055555559,,0.0,0.0,0,90433,9.247037937538778,0.42158811311551375,Autazes,Amazonas
168,147,2025-06-01,,,,2,40,18,144.4477742513021,216.76898193359375,,,27.084244791666663,26.84796006944447,,0.0,0.0,0,90433,9.247037937538778,0.42158811311551375,Autazes,Amazonas
169,147,2025-07-01,,,,20,2,64,191.21004231770834,144.4477742513021,,,26.742534722222217,27.084244791666663,,0.0,0.0,0,90433,9.247037937538778,0.42158811311551375,Autazes,Amazonas
170,147,2025-08-01,,,,54,20,66,65.23314921061198,191.21004231770834,,,27.236848958333383,26.742534722222217,,0.0,0.0,0,90433,9.247037937538778,0.42158811311551375,Autazes,Amazonas
171,147,2025-09-01,,,,36,54,40,91.81221516927083,65.23314921061198,,,27.865147569444446,27.236848958333383,,0.0,0.0,0,90433,9.247037937538778,0.42158811311551375,Autazes,Amazonas
172,147,2025-10-01,,,,54,36,2,91.48006184895833,91.81221516927083,,,28.49006076388889,27.865147569444446,,0.0,0.0,0,90433,9.247037937538778,0.42158811311551375,Autazes,Amazonas
173,147,2025-11-01,,,,12,54,20,192.3427530924479,91.48006184895833,,,27.493945312500045,28.49006076388889,,0.0,0.0,0,90433,9.247037937538778,0.42158811311551375,Autazes,Amazonas
174,147,2025-12-01,,,,8,12,54,179.82071940104166,192.3427530924479,,,27.621006944444446,27.493945312500045,,111.29771423339844,-0.2365668402777601,0,90433,9.247037937538778,0.42158811311551375,Autazes,Amazonas
175,148,2025-02-01,,,,335,421,4,225.05674542682928,185.45302972560975,,,27.039417870036118,27.28276173285201,,-2.266263338414632,-1.0986292870036038,0,90374,8.042580286374065,0.4087082641771073,Barcelos,Amazonas
176,148,2025-03-01,,,,420,335,1,180.9205030487805,225.05674542682928,,,26.24372743682312,27.039417870036118,,0.0,0.0,0,90374,8.042580286374065,0.4087082641771073,Barcelos,Amazonas
177,148,2025-04-01,,,,322,420,16,209.7217606707317,180.9205030487805,,,26.63762409747295,26.24372743682312,,55.691549161585385,-0.5090252707581158,0,90374,8.042580286374065,0.4087082641771073,Barcelos,Amazonas
178,148,2025-05-01,,,,580,322,421,296.8361280487805,209.7217606707317,,,25.859420126353825,26.63762409747295,,0.0,0.0,1,90374,8.042580286374065,0.4087082641771073,Barcelos,Amazonas
179,148,2025-06-01,,,,398,580,335,296.0766768292683,296.8361280487805,,,25.66114620938629,25.859420126353825,,0.0,0.0,0,90374,8.042580286374065,0.4087082641771073,Barcelos,Amazonas
180,148,2025-07-01,,,,480,398,420,252.04165396341463,296.0766768292683,,,25.136270306859217,25.66114620938629,,0.0,0.0,0,90374,8.042580286374065,0.4087082641771073,Barcelos,Amazonas
181,148,2025-08-01,,,,598,480,322,142.83382240853658,252.04165396341463,,,25.08916967509026,25.136270306859217,,0.0,0.0,1,90374,8.042580286374065,0.4087082641771073,Barcelos,Amazonas
182,148,2025-09-01,,,,519,598,580,148.14576981707316,142.83382240853658,,,25.87738605595672,25.08916967509026,,0.0,0.0,0,90374,8.042580286374065,0.4087082641771073,Barcelos,Amazonas
183,148,2025-10-01,,,,555,519,398,115.07322789634146,148.14576981707316,,,26.962956904332145,25.87738605595672,,0.0,0.0,0,90374,8.042580286374065,0.4087082641771073,Barcelos,Amazonas
184,148,2025-11-01,,,,402,555,480,132.60215320121952,115.07322789634146,,,26.724153880866425,26.962956904332145,,0.0,0.0,0,90374,8.042580286374065,0.4087082641771073,Barcelos,Amazonas
185,148,2025-12-01,,,,393,402,598,189.98555640243902,132.60215320121952,,,26.503965478339353,26.724153880866425,,-2.6931783536585385,-0.4202814756317821,0,90374,8.042580286374065,0.4087082641771073,Barcelos,Amazonas
186,150,2025-04-01,,,,16,11,3,299.7561732700893,449.53243582589283,,,25.341089876033095,24.916147985537236,,0.0,0.0,0,60668,1.7270419155397159,0.42083776575729814,Benjamin Constant,Amazonas
187,150,2025-05-01,,,,25,16,28,333.12203543526783,299.7561732700893,,,25.54918646694216,25.341089876033095,,0.0,0.0,0,60668,1.7270419155397159,0.42083776575729814,Benjamin Constant,Amazonas
188,150,2025-06-01,,,,18,25,21,218.19974190848214,333.12203543526783,,,25.25983341942151,25.54918646694216,,0.0,0.0,0,60668,1.7270419155397159,0.42083776575729814,Benjamin Constant,Amazonas
189,150,2025-07-01,,,,29,18,11,91.68155343191964,218.19974190848214,,,24.9412319214876,25.25983341942151,,0.0,0.0,1,60668,1.7270419155397159,0.42083776575729814,Benjamin Constant,Amazonas
190,150,2025-08-01,,,,32,29,16,93.93702915736607,91.68155343191964,,,25.205404183884298,24.9412319214876,,0.0,0.0,1,60668,1.7270419155397159,0.42083776575729814,Benjamin Constant,Amazonas
191,150,2025-09-01,,,,15,32,25,88.64166259765625,93.93702915736607,,,25.516257747933935,25.205404183884298,,0.0,0.0,0,60668,1.7270419155397159,0.42083776575729814,Benjamin Constant,Amazonas
192,150,2025-10-01,,,,6,15,18,254.76492745535714,88.64166259765625,,,25.981714876033095,25.516257747933935,,0.0,0.0,0,60668,1.7270419155397159,0.42083776575729814,Benjamin Constant,Amazonas
193,150,2025-11-01,,,,2,6,29,182.81951032366072,254.76492745535714,,,25.592316632231416,25.981714876033095,,0.0,0.0,0,60668,1.7270419155397159,0.42083776575729814,Benjamin Constant,Amazonas
194,150,2025-12-01,,,,8,2,32,211.75626046316964,182.81951032366072,,,25.803996642562026,25.592316632231416,,62.07494245256697,-0.06488894628097341,0,60668,1.7270419155397159,0.42083776575729814,Benjamin Constant,Amazonas
195,151,2025-07-01,,,,7,1,1,158.2413110977564,224.16456330128204,,,26.281998527486905,26.328321335078556,,0.0,0.0,0,2959,6.845437888270249,0.41813265790436166,Beruri,Amazonas
196,151,2025-08-01,,,,26,7,1,44.80586438301282,158.2413110977564,,,27.030055628272294,26.281998527486905,,0.0,0.0,1,2959,6.845437888270249,0.41813265790436166,Beruri,Amazonas
197,151,2025-09-01,,,,10,26,2,122.5487530048077,44.80586438301282,,,27.418512761780107,27.030055628272294,,0.0,0.0,0,2959,6.845437888270249,0.41813265790436166,Beruri,Amazonas
198,151,2025-10-01,,,,3,10,1,124.02391326121794,122.5487530048077,,,27.013776178010517,27.418512761780107,,0.0,0.0,0,2959,6.845437888270249,0.41813265790436166,Beruri,Amazonas
199,151,2025-11-01,,,,2,3,7,182.9683618790064,124.02391326121794,,,26.55549738219895,27.013776178010517,,0.0,0.0,0,2959,6.845437888270249,0.41813265790436166,Beruri,Amazonas
200,153,2025-04-01,,,,13,13,1,271.3430830792683,280.5889148246951,,,25.313494318181824,25.288494318181847,,0.0,0.0,0,58728,4.557799467261062,0.41325472234198896,Boca do Acre,Amazonas
201,153,2025-05-01,,,,13,13,13,333.4008908155488,271.3430830792683,,,25.29946732954545,25.313494318181824,,0.0,0.0,0,58728,4.557799467261062,0.41325472234198896,Boca do Acre,Amazonas
202,153,2025-06-01,,,,18,13,6,112.33524676067073,333.4008908155488,,,25.2721590909091,25.29946732954545,,0.0,0.0,0,58728,4.557799467261062,0.41325472234198896,Boca do Acre,Amazonas
203,153,2025-07-01,,,,10,18,13,50.78457864900915,112.33524676067073,,,24.666264204545485,25.2721590909091,,0.0,0.0,0,58728,4.557799467261062,0.41325472234198896,Boca do Acre,Amazonas
204,153,2025-08-01,,,,22,10,13,14.209085604039634,50.78457864900915,,,24.920241477272725,24.666264204545485,,0.0,0.0,0,58728,4.557799467261062,0.41325472234198896,Boca do Acre,Amazonas
205,153,2025-09-01,,,,19,22,13,19.3907783322218,14.209085604039634,,,26.286150568181824,24.920241477272725,,0.0,0.0,0,58728,4.557799467261062,0.41325472234198896,Boca do Acre,Amazonas
206,153,2025-10-01,,,,22,19,18,188.72868235518294,19.3907783322218,,,26.54026988636366,26.286150568181824,,0.0,0.0,0,58728,4.557799467261062,0.41325472234198896,Boca do Acre,Amazonas
207,153,2025-11-01,,,,26,22,10,151.83622332317074,188.72868235518294,,,26.10475852272731,26.54026988636366,,0.0,0.0,1,58728,4.557799467261062,0.41325472234198896,Boca do Acre,Amazonas
208,153,2025-12-01,,,,19,26,22,173.56071360518294,151.83622332317074,,,25.81562500000001,26.10475852272731,,150.1525938452744,-0.36090198863638534,0,58728,4.557799467261062,0.41325472234198896,Boca do Acre,Amazonas
209,154,2025-05-01,,,,6,2,2,232.35477430555557,347.2171657986111,,,26.52410714285719,25.848122165532914,,0.0,0.0,0,30050,6.642715228305375,0.4528609124012505,Borba,Amazonas
210,154,2025-06-01,,,,2,6,2,174.12521701388889,232.35477430555557,,,26.67904620181406,26.52410714285719,,0.0,0.0,0,30050,6.642715228305375,0.4528609124012505,Borba,Amazonas
211,154,2025-07-01,,,,6,2,9,153.77669270833334,174.12521701388889,,,26.68542375283448,26.67904620181406,,0.0,0.0,0,30050,6.642715228305375,0.4528609124012505,Borba,Amazonas
212,154,2025-08-01,,,,12,6,2,46.739751519097226,153.77669270833334,,,27.50887188208617,26.68542375283448,,0.0,0.0,0,30050,6.642715228305375,0.4528609124012505,Borba,Amazonas
213,154,2025-09-01,,,,14,12,6,99.043359375,46.739751519097226,,,27.923767006802734,27.50887188208617,,0.0,0.0,1,30050,6.642715228305375,0.4528609124012505,Borba,Amazonas
214,154,2025-10-01,,,,12,14,2,159.42784288194446,99.043359375,,,27.74409722222225,27.923767006802734,,0.0,0.0,0,30050,6.642715228305375,0.4528609124012505,Borba,Amazonas
215,154,2025-11-01,,,,5,12,6,224.55453559027777,159.42784288194446,,,26.53317743764177,27.74409722222225,,0.0,0.0,0,30050,6.642715228305375,0.4528609124012505,Borba,Amazonas
216,154,2025-12-01,,,,2,5,12,197.37300347222222,224.55453559027777,,,26.974716553287976,26.53317743764177,,0.0,0.0,0,30050,6.642715228305375,0.4528609124012505,Borba,Amazonas
217,156,2025-03-01,,,,62,64,1,492.623828125,329.1123325892857,,,25.496861090504467,25.886628338278967,,0.0,0.0,0,72839,2.8900438061152127,0.4412614131403756,Canutama,Amazonas
218,156,2025-04-01,,,,54,62,9,298.01556919642854,492.623828125,,,25.652763353115745,25.496861090504467,,0.0,0.0,0,72839,2.8900438061152127,0.4412614131403756,Canutama,Amazonas
219,156,2025-05-01,,,,62,54,81,199.60283203125,298.01556919642854,,,26.00842915430269,25.652763353115745,,0.0,0.0,0,72839,2.8900438061152127,0.4412614131403756,Canutama,Amazonas
220,156,2025-06-01,,,,102,62,64,123.52752511160715,199.60283203125,,,26.11261127596441,26.00842915430269,,0.0,0.0,0,72839,2.8900438061152127,0.4412614131403756,Canutama,Amazonas
221,156,2025-07-01,,,,111,102,62,37.2763427734375,123.52752511160715,,,26.044454747774523,26.11261127596441,,0.0,0.0,0,72839,2.8900438061152127,0.4412614131403756,Canutama,Amazonas
222,156,2025-08-01,,,,142,111,54,10.055259486607143,37.2763427734375,,,26.939090318991134,26.044454747774523,,0.0,0.0,0,72839,2.8900438061152127,0.4412614131403756,Canutama,Amazonas
223,156,2025-09-01,,,,109,142,62,25.80599190848214,10.055259486607143,,,27.676224035608357,26.939090318991134,,0.0,0.0,0,72839,2.8900438061152127,0.4412614131403756,Canutama,Amazonas
224,156,2025-10-01,,,,144,109,102,153.66099330357142,25.80599190848214,,,27.430559161721078,27.676224035608357,,0.0,0.0,1,72839,2.8900438061152127,0.4412614131403756,Canutama,Amazonas
225,156,2025-11-01,,,,144,144,111,167.7650111607143,153.66099330357142,,,26.858623887240356,27.430559161721078,,0.0,0.0,1,72839,2.8900438061152127,0.4412614131403756,Canutama,Amazonas
226,156,2025-12-01,,,,128,144,142,200.88260323660714,167.7650111607143,,,26.52887611275969,26.858623887240356,,69.90107770647322,-0.012912648367944257,0,72839,2.8900438061152127,0.4412614131403756,Canutama,Amazonas
227,157,2025-03-01,,,,144,141,1,365.09671585648147,301.641529224537,,,25.137217027559075,25.806600639763815,,0.0,0.0,0,24113,9.22872457287129,0.38467026722867925,Carauari,Amazonas
228,157,2025-04-01,,,,186,144,20,336.037037037037,365.09671585648147,,,25.68132381889768,25.137217027559075,,0.0,0.0,0,24113,9.22872457287129,0.38467026722867925,Carauari,Amazonas
229,157,2025-05-01,,,,249,186,164,292.2984302662037,336.037037037037,,,25.895275590551194,25.68132381889768,,0.0,0.0,1,24113,9.22872457287129,0.38467026722867925,Carauari,Amazonas
230,157,2025-06-01,,,,306,249,141,238.29937065972223,292.2984302662037,,,25.42369586614177,25.895275590551194,,0.0,0.0,1,24113,9.22872457287129,0.38467026722867925,Carauari,Amazonas
231,157,2025-07-01,,,,181,306,144,117.87201605902777,238.29937065972223,,,25.195164862204763,25.42369586614177,,-80.86598488136575,-0.5515809547244146,0,24113,9.22872457287129,0.38467026722867925,Carauari,Amazonas
232,157,2025-08-01,,,,138,181,186,81.9680808738426,117.87201605902777,,,25.69596456692915,25.195164862204763,,0.0,0.0,0,24113,9.22872457287129,0.38467026722867925,Carauari,Amazonas
233,157,2025-09-01,,,,136,138,249,86.70462601273148,81.9680808738426,,,26.086835629921268,25.69596456692915,,0.0,0.0,0,24113,9.22872457287129,0.38467026722867925,Carauari,Amazonas
234,157,2025-10-01,,,,118,136,306,217.46652560763889,86.70462601273148,,,26.954669045275637,26.086835629921268,,0.0,0.0,0,24113,9.22872457287129,0.38467026722867925,Carauari,Amazonas
235,157,2025-11-01,,,,89,118,181,201.68136935763889,217.46652560763889,,,26.204115403543312,26.954669045275637,,0.0,0.0,0,24113,9.22872457287129,0.38467026722867925,Carauari,Amazonas
236,157,2025-12-01,,,,79,89,138,249.10073061342592,201.68136935763889,,,26.24905265748032,26.204115403543312,,69.41840277777777,0.1667538139763849,0,24113,9.22872457287129,0.38467026722867925,Carauari,Amazonas
237,158,2025-04-01,,,,3,4,3,406.3568359375,272.58307291666665,,,26.102724095394763,25.718780838815803,,0.0,0.0,0,49862,6.296331628508149,0.3113454288311332,Careiro,Amazonas
238,158,2025-05-01,,,,3,3,5,249.20320638020834,406.3568359375,,,26.524444901315803,26.102724095394763,,0.0,0.0,0,49862,6.296331628508149,0.3113454288311332,Careiro,Amazonas
239,158,2025-06-01,,,,4,3,6,149.46730143229166,249.20320638020834,,,26.764319490131584,26.524444901315803,,0.0,0.0,0,49862,6.296331628508149,0.3113454288311332,Careiro,Amazonas
240,158,2025-07-01,,,,14,4,4,192.430078125,149.46730143229166,,,26.540121299342104,26.764319490131584,,0.0,0.0,0,49862,6.296331628508149,0.3113454288311332,Careiro,Amazonas
241,158,2025-08-01,,,,8,14,3,74.56193033854167,192.430078125,,,27.074660773026324,26.540121299342104,,0.0,0.0,0,49862,6.296331628508149,0.3113454288311332,Careiro,Amazonas
242,158,2025-09-01,,,,19,8,3,124.97237955729166,74.56193033854167,,,27.468935032894763,27.074660773026324,,0.0,0.0,1,49862,6.296331628508149,0.3113454288311332,Careiro,Amazonas
243,158,2025-10-01,,,,21,19,4,102.92236328125,124.97237955729166,,,27.758100328947364,27.468935032894763,,0.0,0.0,1,49862,6.296331628508149,0.3113454288311332,Careiro,Amazonas
244,158,2025-11-01,,,,18,21,14,192.35284830729168,102.92236328125,,,26.920004111842104,27.758100328947364,,0.0,0.0,0,49862,6.296331628508149,0.3113454288311332,Careiro,Amazonas
245,158,2025-12-01,,,,5,18,8,199.937548828125,192.35284830729168,,,26.990753495065803,26.920004111842104,,97.13009847005213,-0.200439453125,0,49862,6.296331628508149,0.3113454288311332,Careiro,Amazonas
246,159,2025-06-01,,,,3,1,2,127.43922008167614,217.31423117897728,,,27.12958984375001,26.860107421875,,0.0,0.0,0,82852,10.071358497049635,0.18823771632885813,Careiro da Várzea,Amazonas
247,159,2025-07-01,,,,10,3,2,186.8081942471591,127.43922008167614,,,26.730078125000034,27.12958984375001,,0.0,0.0,0,82852,10.071358497049635,0.18823771632885813,Careiro da Várzea,Amazonas
248,159,2025-08-01,,,,17,10,4,71.26792214133523,186.8081942471591,,,27.22802734375,26.730078125000034,,0.0,0.0,0,82852,10.071358497049635,0.18823771632885813,Careiro da Várzea,Amazonas
249,159,2025-09-01,,,,23,17,1,84.2387528852983,71.26792214133523,,,27.792651367187545,27.22802734375,,0.0,0.0,1,82852,10.071358497049635,0.18823771632885813,Careiro da Várzea,Amazonas
250,159,2025-10-01,,,,19,23,3,79.48963512073864,84.2387528852983,,,28.721777343750034,27.792651367187545,,0.0,0.0,0,82852,10.071358497049635,0.18823771632885813,Careiro da Várzea,Amazonas
251,159,2025-11-01,,,,9,19,10,166.8682861328125,79.48963512073864,,,27.808349609375,28.721777343750034,,0.0,0.0,0,82852,10.071358497049635,0.18823771632885813,Careiro da Várzea,Amazonas
252,159,2025-12-01,,,,2,9,17,175.1860906427557,166.8682861328125,,,27.678613281250023,27.808349609375,,0.0,0.0,0,82852,10.071358497049635,0.18823771632885813,Careiro da Várzea,Amazonas
253,160,2025-02-01,,,,33,76,1,350.7576678240741,204.10803674768516,,,26.242435383244242,26.380609402852087,,0.0,0.0,0,33677,7.617103494017233,0.25639172378045866,Coari,Amazonas
254,160,2025-03-01,,,,30,33,1,288.8623046875,350.7576678240741,,,25.588385695187185,26.242435383244242,,0.0,0.0,0,33677,7.617103494017233,0.25639172378045866,Coari,Amazonas
255,160,2025-04-01,,,,49,30,8,312.93200231481484,288.8623046875,,,26.04248551693405,25.588385695187185,,0.0,0.0,0,33677,7.617103494017233,0.25639172378045866,Coari,Amazonas
256,160,2025-05-01,,,,46,49,76,265.9068287037037,312.93200231481484,,,26.113814616755803,26.04248551693405,,0.0,0.0,0,33677,7.617103494017233,0.25639172378045866,Coari,Amazonas
257,160,2025-06-01,,,,72,46,33,198.00135633680554,265.9068287037037,,,26.083650846702312,26.113814616755803,,0.0,0.0,0,33677,7.617103494017233,0.25639172378045866,Coari,Amazonas
258,160,2025-07-01,,,,118,72,30,158.27564380787038,198.00135633680554,,,25.777306149732624,26.083650846702312,,0.0,0.0,0,33677,7.617103494017233,0.25639172378045866,Coari,Amazonas
259,160,2025-08-01,,,,158,118,49,43.375253182870374,158.27564380787038,,,26.239538770053514,25.777306149732624,,-57.219202112268505,-1.2582302807486485,1,33677,7.617103494017233,0.25639172378045866,Coari,Amazonas
260,160,2025-09-01,,,,167,158,46,89.66963252314815,43.375253182870374,,,26.614204545454584,26.239538770053514,,-33.56250452112269,-0.5636558600712931,1,33677,7.617103494017233,0.25639172378045866,Coari,Amazonas
261,160,2025-10-01,,,,102,167,72,136.9830277054398,89.66963252314815,,,27.14119318181821,26.614204545454584,,0.0,0.0,0,33677,7.617103494017233,0.25639172378045866,Coari,Amazonas
262,160,2025-11-01,,,,52,102,118,175.1939742476852,136.9830277054398,,,26.809558823529414,27.14119318181821,,0.0,0.0,0,33677,7.617103494017233,0.25639172378045866,Coari,Amazonas
263,160,2025-12-01,,,,58,52,158,210.2147171585648,175.1939742476852,,,26.6476270053476,26.809558823529414,,69.17055483217592,-0.03521891711230296,0,33677,7.617103494017233,0.25639172378045866,Coari,Amazonas
264,161,2025-08-01,,,,1,1,1,178.2298251065341,198.0833407315341,,,25.97331495098041,26.32277113970588,,0.0,0.0,0,32332,6.422606663260229,0.36537688260337997,Codajás,Amazonas
265,161,2025-09-01,,,,1,1,1,126.0667724609375,178.2298251065341,,,26.627918198529414,25.97331495098041,,0.0,0.0,0,32332,6.422606663260229,0.36537688260337997,Codajás,Amazonas
266,161,2025-11-01,,,,1,1,1,132.4545010653409,126.0667724609375,,,27.208015471813724,26.627918198529414,,0.0,0.0,0,32332,6.422606663260229,0.36537688260337997,Codajás,Amazonas
267,163,2025-06-01,,,,10,4,4,115.72840947690217,266.1170601222826,,,25.182417332848843,25.464530341569798,,0.0,0.0,1,29239,9.604161427103932,0.18128610877063184,Envira,Amazonas
268,163,2025-07-01,,,,5,10,2,63.84791100543478,115.72840947690217,,,24.69545330668609,25.182417332848843,,0.0,0.0,0,29239,9.604161427103932,0.18128610877063184,Envira,Amazonas
269,163,2025-08-01,,,,8,5,2,28.677670686141305,63.84791100543478,,,25.197724382267438,24.69545330668609,,0.0,0.0,0,29239,9.604161427103932,0.18128610877063184,Envira,Amazonas
270,163,2025-09-01,,,,2,8,4,33.668520720108695,28.677670686141305,,,26.238013263081427,25.197724382267438,,0.0,0.0,0,29239,9.604161427103932,0.18128610877063184,Envira,Amazonas
271,163,2025-10-01,,,,1,2,10,195.97231657608697,33.668520720108695,,,26.578720021802326,26.238013263081427,,0.0,0.0,0,29239,9.604161427103932,0.18128610877063184,Envira,Amazonas
272,163,2025-11-01,,,,3,1,5,178.63841711956522,195.97231657608697,,,25.88517896075581,26.578720021802326,,0.0,0.0,0,29239,9.604161427103932,0.18128610877063184,Envira,Amazonas
273,163,2025-12-01,,,,5,3,8,246.09926970108697,178.63841711956522,,,25.645194404069798,25.88517896075581,,0.0,0.0,0,29239,9.604161427103932,0.18128610877063184,Envira,Amazonas
274,164,2025-04-01,,,,7,2,2,191.80519014246323,204.01470588235293,,,26.635444630872485,25.893860109060427,,0.0,0.0,0,38515,14.169526895486007,0.27932642391231877,Fonte Boa,Amazonas
275,164,2025-05-01,,,,1,7,5,302.58088235294116,191.80519014246323,,,26.20072357382554,26.635444630872485,,0.0,0.0,0,38515,14.169526895486007,0.27932642391231877,Fonte Boa,Amazonas
276,164,2025-06-01,,,,1,1,7,291.3575654871324,302.58088235294116,,,25.81578754194635,26.20072357382554,,0.0,0.0,0,38515,14.169526895486007,0.27932642391231877,Fonte Boa,Amazonas
277,164,2025-07-01,,,,5,1,2,223.26421760110293,291.3575654871324,,,25.44007969798662,25.81578754194635,,0.0,0.0,0,38515,14.169526895486007,0.27932642391231877,Fonte Boa,Amazonas
278,164,2025-08-01,,,,14,5,7,68.43756462545956,223.26421760110293,,,25.50189807046985,25.44007969798662,,0.0,0.0,1,38515,14.169526895486007,0.27932642391231877,Fonte Boa,Amazonas
279,164,2025-09-01,,,,4,14,1,150.24534696691177,68.43756462545956,,,26.014980075503388,25.50189807046985,,0.0,0.0,0,38515,14.169526895486007,0.27932642391231877,Fonte Boa,Amazonas
280,164,2025-10-01,,,,5,4,1,221.87869083180146,150.24534696691177,,,26.999197776845676,26.014980075503388,,0.0,0.0,0,38515,14.169526895486007,0.27932642391231877,Fonte Boa,Amazonas
281,164,2025-11-01,,,,10,5,5,167.4672133501838,221.87869083180146,,,26.84897755872487,26.999197776845676,,0.0,0.0,1,38515,14.169526895486007,0.27932642391231877,Fonte Boa,Amazonas
282,164,2025-12-01,,,,1,10,14,243.7576401654412,167.4672133501838,,,26.643440645973158,26.84897755872487,,92.16051887063418,0.2226431417785193,0,38515,14.169526895486007,0.27932642391231877,Fonte Boa,Amazonas
283,165,2025-04-01,,,,138,167,13,253.68477957589286,250.30540829613096,,,25.296110551075287,25.036701948924758,,0.0,0.0,0,89320,10.248462405686599,0.5178942616519454,Guajará,Amazonas
284,165,2025-05-01,,,,139,138,220,228.4164574032738,253.68477957589286,,,25.178566028225816,25.296110551075287,,0.0,0.0,0,89320,10.248462405686599,0.5178942616519454,Guajará,Amazonas
285,165,2025-06-01,,,,128,139,163,173.16019112723214,228.4164574032738,,,24.619741263440858,25.178566028225816,,0.0,0.0,0,89320,10.248462405686599,0.5178942616519454,Guajará,Amazonas
286,165,2025-07-01,,,,77,128,167,79.16238839285714,173.16019112723214,,,24.349600974462362,24.619741263440858,,0.0,0.0,0,89320,10.248462405686599,0.5178942616519454,Guajará,Amazonas
287,165,2025-08-01,,,,48,77,138,63.718418666294646,79.16238839285714,,,24.59084341397852,24.349600974462362,,0.0,0.0,0,89320,10.248462405686599,0.5178942616519454,Guajará,Amazonas
288,165,2025-09-01,,,,45,48,139,65.82465471540179,63.718418666294646,,,25.857350470430106,24.59084341397852,,0.0,0.0,0,89320,10.248462405686599,0.5178942616519454,Guajará,Amazonas
289,165,2025-10-01,,,,53,45,128,139.495849609375,65.82465471540179,,,25.535630880376345,25.857350470430106,,0.0,0.0,0,89320,10.248462405686599,0.5178942616519454,Guajará,Amazonas
290,165,2025-11-01,,,,60,53,77,182.80565243675596,139.495849609375,,,25.044934475806485,25.535630880376345,,0.0,0.0,0,89320,10.248462405686599,0.5178942616519454,Guajará,Amazonas
291,165,2025-12-01,,,,31,60,48,190.69757952008928,182.80565243675596,,,25.107770497311833,25.044934475806485,,51.73269507998509,-0.29051159274195015,0,89320,10.248462405686599,0.5178942616519454,Guajará,Amazonas
292,167,2025-04-01,,,,27,19,1,280.2856968470982,344.92529296875,,,25.33875473484852,25.133321496212147,,0.0,0.0,0,26826,13.819914446426289,0.1755141698122631,Ipixuna,Amazonas
293,167,2025-05-01,,,,45,27,17,264.236572265625,280.2856968470982,,,25.49494554924246,25.33875473484852,,0.0,0.0,1,26826,13.819914446426289,0.1755141698122631,Ipixuna,Amazonas
294,167,2025-06-01,,,,49,45,23,131.04559326171875,264.236572265625,,,25.07259706439396,25.49494554924246,,0.0,0.0,1,26826,13.819914446426289,0.1755141698122631,Ipixuna,Amazonas
295,167,2025-07-01,,,,44,49,19,67.33309500558036,131.04559326171875,,,24.670075757575773,25.07259706439396,,0.0,0.0,0,26826,13.819914446426289,0.1755141698122631,Ipixuna,Amazonas
296,167,2025-08-01,,,,27,44,27,46.48649379185268,67.33309500558036,,,24.964997632575773,24.670075757575773,,0.0,0.0,0,26826,13.819914446426289,0.1755141698122631,Ipixuna,Amazonas
297,167,2025-09-01,,,,25,27,45,57.00077165876116,46.48649379185268,,,25.97517755681821,24.964997632575773,,0.0,0.0,0,26826,13.819914446426289,0.1755141698122631,Ipixuna,Amazonas
298,167,2025-10-01,,,,20,25,49,157.70982142857142,57.00077165876116,,,26.06549479166671,25.97517755681821,,0.0,0.0,0,26826,13.819914446426289,0.1755141698122631,Ipixuna,Amazonas
299,167,2025-11-01,,,,22,20,44,165.6981201171875,157.70982142857142,,,25.553924005681836,26.06549479166671,,0.0,0.0,0,26826,13.819914446426289,0.1755141698122631,Ipixuna,Amazonas
300,167,2025-12-01,,,,10,22,27,242.02132742745536,165.6981201171875,,,25.415873579545462,25.553924005681836,,55.44759695870533,-0.28073212594696884,0,26826,13.819914446426289,0.1755141698122631,Ipixuna,Amazonas
301,168,2025-03-01,,,,69,69,1,234.275048828125,266.2145751953125,,,26.027091272865903,26.810461128048814,,0.0,0.0,0,65210,3.2524184278773793,0.47103902734112235,Iranduba,Amazonas
302,168,2025-04-01,,,,71,69,19,418.36806640625,234.275048828125,,,26.48583746189024,26.027091272865903,,0.0,0.0,0,65210,3.2524184278773793,0.47103902734112235,Iranduba,Amazonas
303,168,2025-05-01,,,,71,71,113,252.002490234375,418.36806640625,,,26.677791539634143,26.48583746189024,,0.0,0.0,0,65210,3.2524184278773793,0.47103902734112235,Iranduba,Amazonas
304,168,2025-06-01,,,,88,71,69,142.11845703125,252.002490234375,,,27.019112042682934,26.677791539634143,,0.0,0.0,0,65210,3.2524184278773793,0.47103902734112235,Iranduba,Amazonas
305,168,2025-07-01,,,,284,88,69,165.0224365234375,142.11845703125,,,26.735432545731726,27.019112042682934,,0.0,0.0,0,65210,3.2524184278773793,0.47103902734112235,Iranduba,Amazonas
306,168,2025-08-01,,,,435,284,71,74.680126953125,165.0224365234375,,,27.295979420731726,26.735432545731726,,0.0,0.0,1,65210,3.2524184278773793,0.47103902734112235,Iranduba,Amazonas
307,168,2025-09-01,,,,313,435,71,107.40870361328125,74.680126953125,,,27.638133574695132,27.295979420731726,,0.0,0.0,1,65210,3.2524184278773793,0.47103902734112235,Iranduba,Amazonas
308,168,2025-10-01,,,,258,313,88,80.19837646484375,107.40870361328125,,,28.162738185975627,27.638133574695132,,0.0,0.0,0,65210,3.2524184278773793,0.47103902734112235,Iranduba,Amazonas
309,168,2025-11-01,,,,197,258,284,171.70972900390626,80.19837646484375,,,27.401805449695132,28.162738185975627,,5.144387817382807,-0.8146913109756042,0,65210,3.2524184278773793,0.47103902734112235,Iranduba,Amazonas
310,168,2025-12-01,,,,89,197,435,192.2872802734375,171.70972900390626,,,27.303315548780517,27.401805449695132,,62.99684143066406,-0.18766673018294,0,65210,3.2524184278773793,0.47103902734112235,Iranduba,Amazonas
311,169,2025-05-01,,,,1,4,3,146.4610877403846,308.42782827524036,,,26.673232706310728,26.084280188106845,,0.0,0.0,0,47501,3.4309147828708366,0.5357886054946889,Itacoatiara,Amazonas
312,169,2025-06-01,,,,4,1,3,174.0647911658654,146.4610877403846,,,26.924787621359258,26.673232706310728,,0.0,0.0,0,47501,3.4309147828708366,0.5357886054946889,Itacoatiara,Amazonas
313,169,2025-07-01,,,,3,4,3,166.00508939302884,174.0647911658654,,,26.463281250000023,26.924787621359258,,0.0,0.0,0,47501,3.4309147828708366,0.5357886054946889,Itacoatiara,Amazonas
314,169,2025-08-01,,,,12,3,4,83.10276442307692,166.00508939302884,,,26.85337530339808,26.463281250000023,,0.0,0.0,1,47501,3.4309147828708366,0.5357886054946889,Itacoatiara,Amazonas
315,169,2025-09-01,,,,5,12,1,57.59259972205529,83.10276442307692,,,27.517324029126257,26.85337530339808,,0.0,0.0,0,47501,3.4309147828708366,0.5357886054946889,Itacoatiara,Amazonas
316,169,2025-10-01,,,,4,5,4,65.7366943359375,57.59259972205529,,,28.73774271844661,27.517324029126257,,0.0,0.0,0,47501,3.4309147828708366,0.5357886054946889,Itacoatiara,Amazonas
317,169,2025-11-01,,,,4,4,3,126.47518216646634,65.7366943359375,,,27.713508798543728,28.73774271844661,,0.0,0.0,0,47501,3.4309147828708366,0.5357886054946889,Itacoatiara,Amazonas
318,170,2025-05-01,,,,76,45,43,316.4110630580357,322.30189732142856,,,25.69715317234852,25.54773910984852,,0.0,0.0,0,58748,14.581244773224592,0.3367315258812481,Itamarati,Amazonas
319,170,2025-06-01,,,,90,76,67,194.17215401785714,316.4110630580357,,,25.500745738636397,25.69715317234852,,0.0,0.0,1,58748,14.581244773224592,0.3367315258812481,Itamarati,Amazonas
320,170,2025-07-01,,,,111,90,70,86.86082240513393,194.17215401785714,,,25.05578835227277,25.500745738636397,,0.0,0.0,1,58748,14.581244773224592,0.3367315258812481,Itamarati,Amazonas
321,170,2025-08-01,,,,62,111,45,35.292942592075896,86.86082240513393,,,25.739441287878833,25.05578835227277,,0.0,0.0,0,58748,14.581244773224592,0.3367315258812481,Itamarati,Amazonas
322,170,2025-09-01,,,,61,62,76,57.910060337611604,35.292942592075896,,,26.101509232954584,25.739441287878833,,0.0,0.0,0,58748,14.581244773224592,0.3367315258812481,Itamarati,Amazonas
323,170,2025-10-01,,,,71,61,90,176.09615652901786,57.910060337611604,,,26.87971117424246,26.101509232954584,,0.0,0.0,0,58748,14.581244773224592,0.3367315258812481,Itamarati,Amazonas
324,170,2025-11-01,,,,45,71,111,176.83037458147322,176.09615652901786,,,25.979024621212147,26.87971117424246,,0.0,0.0,0,58748,14.581244773224592,0.3367315258812481,Itamarati,Amazonas
325,170,2025-12-01,,,,58,45,62,232.15251813616072,176.83037458147322,,,26.114973958333337,25.979024621212147,,0.0,0.0,0,58748,14.581244773224592,0.3367315258812481,Itamarati,Amazonas
326,173,2025-05-01,,,,5,6,4,315.0359157986111,268.42647569444443,,,26.009397754854376,26.17256902305826,,0.0,0.0,0,57598,16.407702137432544,0.46759655577129344,Juruá,Amazonas
327,173,2025-06-01,,,,9,5,3,293.30946180555554,315.0359157986111,,,25.580298088592258,26.009397754854376,,0.0,0.0,0,57598,16.407702137432544,0.46759655577129344,Juruá,Amazonas
328,173,2025-07-01,,,,20,9,3,197.783203125,293.30946180555554,,,25.366838592233023,25.580298088592258,,0.0,0.0,1,57598,16.407702137432544,0.46759655577129344,Juruá,Amazonas
329,173,2025-08-01,,,,24,20,6,88.26868489583333,197.783203125,,,25.486567050970905,25.366838592233023,,0.0,0.0,1,57598,16.407702137432544,0.46759655577129344,Juruá,Amazonas
330,173,2025-09-01,,,,7,24,5,128.2849175347222,88.26868489583333,,,25.8078655946602,25.486567050970905,,0.0,0.0,0,57598,16.407702137432544,0.46759655577129344,Juruá,Amazonas
331,173,2025-10-01,,,,6,7,9,227.52766927083334,128.2849175347222,,,26.900762287621376,25.8078655946602,,0.0,0.0,0,57598,16.407702137432544,0.46759655577129344,Juruá,Amazonas
332,173,2025-11-01,,,,2,6,20,194.74197048611111,227.52766927083334,,,26.629676122572846,26.900762287621376,,0.0,0.0,0,57598,16.407702137432544,0.46759655577129344,Juruá,Amazonas
333,173,2025-12-01,,,,4,2,24,256.17376302083335,194.74197048611111,,,26.450121359223317,26.629676122572846,,0.0,0.0,0,57598,16.407702137432544,0.46759655577129344,Juruá,Amazonas
334,175,2025-04-01,,,,685,755,21,273.2769717261905,365.63157242063494,,,25.460197368421063,25.426141640866888,,0.0,0.0,0,76287,2.157392387166543,0.2836841736744363,Lábrea,Amazonas
335,175,2025-05-01,,,,751,685,454,218.80178881448413,273.2769717261905,,,25.597339396284838,25.460197368421063,,0.0,0.0,1,76287,2.157392387166543,0.2836841736744363,Lábrea,Amazonas
336,175,2025-06-01,,,,623,751,92,115.12434895833333,218.80178881448413,,,25.761813080495358,25.597339396284838,,0.0,0.0,0,76287,2.157392387166543,0.2836841736744363,Lábrea,Amazonas
337,175,2025-07-01,,,,252,623,755,33.590215773809526,115.12434895833333,,,25.487916021671822,25.761813080495358,,0.0,0.0,0,76287,2.157392387166543,0.2836841736744363,Lábrea,Amazonas
338,175,2025-08-01,,,,280,252,685,9.928790380084326,33.590215773809526,,,26.217985681114556,25.487916021671822,,0.0,0.0,0,76287,2.157392387166543,0.2836841736744363,Lábrea,Amazonas
339,175,2025-09-01,,,,281,280,751,37.780684213789684,9.928790380084326,,,27.185792376161032,26.217985681114556,,0.0,0.0,0,76287,2.157392387166543,0.2836841736744363,Lábrea,Amazonas
340,175,2025-10-01,,,,237,281,623,174.8772166418651,37.780684213789684,,,27.031598297213634,27.185792376161032,,0.0,0.0,0,76287,2.157392387166543,0.2836841736744363,Lábrea,Amazonas
341,175,2025-11-01,,,,218,237,252,157.9032738095238,174.8772166418651,,,26.61071497678023,27.031598297213634,,0.0,0.0,0,76287,2.157392387166543,0.2836841736744363,Lábrea,Amazonas
342,175,2025-12-01,,,,141,218,280,189.60213603670636,157.9032738095238,,,26.143537151702787,26.61071497678023,,95.90271577380952,-0.28030669504644834,0,76287,2.157392387166543,0.2836841736744363,Lábrea,Amazonas
343,176,2025-05-01,,,,11,15,7,227.64446149553572,222.89143880208334,,,26.469206460674172,25.805846207865216,,0.0,0.0,0,15102,11.680624873912643,0.4481940908927871,Manacapuru,Amazonas
344,176,2025-06-01,,,,12,11,12,166.2064964657738,227.64446149553572,,,26.80479283707865,26.469206460674172,,0.0,0.0,0,15102,11.680624873912643,0.4481940908927871,Manacapuru,Amazonas
345,176,2025-07-01,,,,8,12,4,157.9380347842262,166.2064964657738,,,26.56131056882026,26.80479283707865,,0.0,0.0,0,15102,11.680624873912643,0.4481940908927871,Manacapuru,Amazonas
346,176,2025-08-01,,,,5,8,15,72.14133998325893,157.9380347842262,,,27.017420119382052,26.56131056882026,,0.0,0.0,0,15102,11.680624873912643,0.4481940908927871,Manacapuru,Amazonas
347,176,2025-09-01,,,,11,5,11,125.59502883184524,72.14133998325893,,,27.303344452247188,27.017420119382052,,0.0,0.0,0,15102,11.680624873912643,0.4481940908927871,Manacapuru,Amazonas
348,176,2025-10-01,,,,7,11,12,86.27722749255952,125.59502883184524,,,27.614154669943844,27.303344452247188,,0.0,0.0,0,15102,11.680624873912643,0.4481940908927871,Manacapuru,Amazonas
349,176,2025-11-01,,,,9,7,8,166.57540457589286,86.27722749255952,,,26.912412219101157,27.614154669943844,,0.0,0.0,0,15102,11.680624873912643,0.4481940908927871,Manacapuru,Amazonas
350,176,2025-12-01,,,,3,9,5,222.6108630952381,166.57540457589286,,,26.979235428370828,26.912412219101157,,71.66473679315476,-0.2171370259831633,0,15102,11.680624873912643,0.4481940908927871,Manacapuru,Amazonas
351,177,2025-10-01,,,,3,2,1,130.55138221153845,73.28650841346153,,,27.32661884014425,27.037255859375023,,0.0,0.0,1,76164,11.08932113420054,0.3176867166155403,Manaquiri,Amazonas
352,178,2024-12-01,,,,213,17,2,196.595361328125,196.595361328125,,,28.638262795275637,26.742224409448852,,-57.81208496093748,0.1651544045275557,0,28522,8.407702289339696,0.31006987026900085,Manaus,Amazonas
353,178,2025-01-01,,,,1978,213,1,196.595361328125,196.595361328125,,,26.753697096456733,28.638262795275637,,35.530843098958314,-0.4370386318897488,0,28522,8.407702289339696,0.31006987026900085,Manaus,Amazonas
354,178,2025-02-01,,,,1546,1978,2,267.65704752604165,196.595361328125,,,26.44162770669294,26.753697096456733,,12.162019856770826,-0.9782234251968305,0,28522,8.407702289339696,0.31006987026900085,Manaus,Amazonas
355,178,2025-03-01,,,,1560,1546,17,220.91940104166667,267.65704752604165,,,25.712389271653592,26.44162770669294,,0.0,0.0,0,28522,8.407702289339696,0.31006987026900085,Manaus,Amazonas
356,178,2025-04-01,,,,1655,1560,213,370.37783203125,220.91940104166667,,,26.137770669291342,25.712389271653592,,27.305419921875,-0.2420644685039406,0,28522,8.407702289339696,0.31006987026900085,Manaus,Amazonas
357,178,2025-05-01,,,,1415,1655,1978,251.206201171875,370.37783203125,,,26.25809547244097,26.137770669291342,,0.0,0.0,0,28522,8.407702289339696,0.31006987026900085,Manaus,Amazonas
358,178,2025-06-01,,,,1375,1415,1546,177.22180989583333,251.206201171875,,,26.477614419291342,26.25809547244097,,0.0,0.0,0,28522,8.407702289339696,0.31006987026900085,Manaus,Amazonas
359,178,2025-07-01,,,,1404,1375,1560,195.77141927083332,177.22180989583333,,,26.199040354330748,26.477614419291342,,0.0,0.0,0,28522,8.407702289339696,0.31006987026900085,Manaus,Amazonas
360,178,2025-08-01,,,,2559,1404,1655,106.49441731770834,195.77141927083332,,,26.581852854330748,26.199040354330748,,0.0,0.0,0,28522,8.407702289339696,0.31006987026900085,Manaus,Amazonas
361,178,2025-09-01,,,,3482,2559,1415,109.90648600260417,106.49441731770834,,,27.036884842519726,26.581852854330748,,0.0,0.0,1,28522,8.407702289339696,0.31006987026900085,Manaus,Amazonas
362,178,2025-10-01,,,,3162,3482,1375,93.7359375,109.90648600260417,,,28.088373523622067,27.036884842519726,,0.0,0.0,1,28522,8.407702289339696,0.31006987026900085,Manaus,Amazonas
363,178,2025-11-01,,,,2849,3162,1404,176.472216796875,93.7359375,,,27.25046751968506,28.088373523622067,,0.4119710286458371,-0.754721333661422,0,28522,8.407702289339696,0.31006987026900085,Manaus,Amazonas
364,178,2025-12-01,,,,2437,2849,2559,197.41930338541667,176.472216796875,,,27.128820127952793,27.25046751968506,,57.81208496093751,-0.1651544045275557,0,28522,8.407702289339696,0.31006987026900085,Manaus,Amazonas
365,180,2025-05-01,,,,5,6,8,315.48583984375,215.00588060461956,,,26.21336137820515,26.680809294871835,,0.0,0.0,0,76407,17.11510094118998,0.38047669210595014,Maraã,Amazonas
366,180,2025-06-01,,,,5,5,3,270.4084791100544,315.48583984375,,,26.11135817307695,26.21336137820515,,0.0,0.0,0,76407,17.11510094118998,0.38047669210595014,Maraã,Amazonas
367,180,2025-07-01,,,,3,5,3,213.3604577105978,270.4084791100544,,,25.717928685897448,26.11135817307695,,0.0,0.0,0,76407,17.11510094118998,0.38047669210595014,Maraã,Amazonas
368,180,2025-08-01,,,,5,3,6,73.25061565896739,213.3604577105978,,,25.718229166666674,25.717928685897448,,0.0,0.0,0,76407,17.11510094118998,0.38047669210595014,Maraã,Amazonas
369,180,2025-09-01,,,,3,5,5,135.0782523777174,73.25061565896739,,,26.222035256410265,25.718229166666674,,0.0,0.0,0,76407,17.11510094118998,0.38047669210595014,Maraã,Amazonas
370,180,2025-10-01,,,,2,3,5,190.2498938519022,135.0782523777174,,,27.05354567307694,26.222035256410265,,0.0,0.0,0,76407,17.11510094118998,0.38047669210595014,Maraã,Amazonas
371,180,2025-11-01,,,,2,2,3,165.80338187839675,190.2498938519022,,,26.916346153846177,27.05354567307694,,0.0,0.0,0,76407,17.11510094118998,0.38047669210595014,Maraã,Amazonas
372,180,2025-12-01,,,,8,2,5,265.7920983355978,165.80338187839675,,,26.733713942307702,26.916346153846177,,0.0,0.0,1,76407,17.11510094118998,0.38047669210595014,Maraã,Amazonas
373,182,2025-09-01,,,,3,2,1,80.4873213334517,153.28184925426137,,,26.73800652472528,25.885027472527497,,0.0,0.0,0,35041,19.26416951991837,0.3439325348106045,Nhamundá,Amazonas
374,183,2025-07-01,,,,1,2,2,173.72242647058823,315.8236443014706,,,26.536806126644763,26.026243832236844,,0.0,0.0,0,27758,9.551580489769716,0.48018950074871586,Nova Olinda do Norte,Amazonas
375,183,2025-08-01,,,,2,1,2,67.85100241268383,173.72242647058823,,,27.0682874177632,26.536806126644763,,0.0,0.0,0,27758,9.551580489769716,0.48018950074871586,Nova Olinda do Norte,Amazonas
376,183,2025-11-01,,,,1,2,1,65.53860294117646,67.85100241268383,,,27.692696340460543,27.0682874177632,,0.0,0.0,0,27758,9.551580489769716,0.48018950074871586,Nova Olinda do Norte,Amazonas
377,183,2025-12-01,,,,1,1,2,191.2634995404412,65.53860294117646,,,27.7040296052632,27.692696340460543,,69.71524586397061,-0.321044921875,0,27758,9.551580489769716,0.48018950074871586,Nova Olinda do Norte,Amazonas
378,184,2025-05-01,,,,3,1,1,291.0358555169753,289.53479456018516,,,25.79723494764403,26.042040248691137,,0.0,0.0,0,2350,9.895947916117851,0.22633563697832554,Novo Airão,Amazonas
379,184,2025-06-01,,,,1,3,2,226.22593557098764,291.0358555169753,,,26.073699280104734,25.79723494764403,,0.0,0.0,0,2350,9.895947916117851,0.22633563697832554,Novo Airão,Amazonas
380,184,2025-07-01,,,,3,1,1,221.63252314814815,226.22593557098764,,,25.69671547774874,26.073699280104734,,0.0,0.0,0,2350,9.895947916117851,0.22633563697832554,Novo Airão,Amazonas
381,184,2025-08-01,,,,5,3,1,139.23459201388889,221.63252314814815,,,25.859203206806285,25.69671547774874,,0.0,0.0,0,2350,9.895947916117851,0.22633563697832554,Novo Airão,Amazonas
382,184,2025-09-01,,,,6,5,3,139.2977551118827,139.23459201388889,,,26.26402159685864,25.859203206806285,,0.0,0.0,1,2350,9.895947916117851,0.22633563697832554,Novo Airão,Amazonas
383,184,2025-10-01,,,,3,6,1,112.35949556327161,139.2977551118827,,,27.344294011780107,26.26402159685864,,0.0,0.0,0,2350,9.895947916117851,0.22633563697832554,Novo Airão,Amazonas
384,184,2025-11-01,,,,5,3,3,160.96647135416666,112.35949556327161,,,26.75610683900527,27.344294011780107,,0.0,0.0,0,2350,9.895947916117851,0.22633563697832554,Novo Airão,Amazonas
385,184,2025-12-01,,,,5,5,5,237.4664351851852,160.96647135416666,,,26.543594568062872,26.75610683900527,,0.0,0.0,0,2350,9.895947916117851,0.22633563697832554,Novo Airão,Amazonas
386,185,2025-04-01,,,,21,36,1,375.8562148876405,449.0812851123595,,,25.588007447429902,25.186156542056096,,0.0,0.0,0,69656,13.732567063293903,0.2131571763645143,Novo Aripuanã,Amazonas
387,185,2025-05-01,,,,24,21,15,273.28072331460675,375.8562148876405,,,26.33123539719628,25.588007447429902,,0.0,0.0,0,69656,13.732567063293903,0.2131571763645143,Novo Aripuanã,Amazonas
388,185,2025-06-01,,,,60,24,25,146.3220242275281,273.28072331460675,,,26.54569582359818,26.33123539719628,,0.0,0.0,0,69656,13.732567063293903,0.2131571763645143,Novo Aripuanã,Amazonas
389,185,2025-07-01,,,,73,60,36,100.47816450140449,146.3220242275281,,,26.72490873247665,26.54569582359818,,0.0,0.0,1,69656,13.732567063293903,0.2131571763645143,Novo Aripuanã,Amazonas
390,185,2025-08-01,,,,52,73,21,39.191729942064605,100.47816450140449,,,27.510959404205607,26.72490873247665,,0.0,0.0,0,69656,13.732567063293903,0.2131571763645143,Novo Aripuanã,Amazonas
391,185,2025-09-01,,,,71,52,24,89.71836595856742,39.191729942064605,,,28.14515917056076,27.510959404205607,,0.0,0.0,0,69656,13.732567063293903,0.2131571763645143,Novo Aripuanã,Amazonas
392,185,2025-10-01,,,,83,71,60,183.9828278616573,89.71836595856742,,,27.46481454439254,28.14515917056076,,0.0,0.0,1,69656,13.732567063293903,0.2131571763645143,Novo Aripuanã,Amazonas
393,185,2025-11-01,,,,46,83,73,201.9033971207865,183.9828278616573,,,26.376212032710328,27.46481454439254,,0.0,0.0,0,69656,13.732567063293903,0.2131571763645143,Novo Aripuanã,Amazonas
394,185,2025-12-01,,,,35,46,52,210.74795909410113,201.9033971207865,,,26.616482914719654,26.376212032710328,,63.609281732794955,-0.16451883761683916,0,69656,13.732567063293903,0.2131571763645143,Novo Aripuanã,Amazonas
395,186,2025-08-01,,,,3,4,1,131.11971885279604,172.24984580592104,,,26.86607369087841,26.484580869932472,,0.0,0.0,0,97380,13.35578811830366,0.27493445621267526,Parintins,Amazonas
396,186,2025-09-01,,,,1,3,1,61.879831414473685,131.11971885279604,,,27.356387246621637,26.86607369087841,,0.0,0.0,0,97380,13.35578811830366,0.27493445621267526,Parintins,Amazonas
397,186,2025-11-01,,,,2,1,1,16.193524812397204,61.879831414473685,,,29.246721917229763,27.356387246621637,,0.0,0.0,0,97380,13.35578811830366,0.27493445621267526,Parintins,Amazonas
398,187,2025-05-01,,,,66,53,4,303.749811746988,290.513483621988,,,25.45693597560978,25.421532012195144,,0.0,0.0,1,35723,11.247625022795162,0.2228113644455087,Pauini,Amazonas
399,187,2025-06-01,,,,28,66,15,142.70597232680723,303.749811746988,,,25.39291158536588,25.45693597560978,,0.0,0.0,0,35723,11.247625022795162,0.2228113644455087,Pauini,Amazonas
400,187,2025-07-01,,,,22,28,19,68.60090361445783,142.70597232680723,,,24.872637195121968,25.39291158536588,,0.0,0.0,0,35723,11.247625022795162,0.2228113644455087,Pauini,Amazonas
401,187,2025-08-01,,,,9,22,53,20.357283626694276,68.60090361445783,,,25.349809451219528,24.872637195121968,,0.0,0.0,0,35723,11.247625022795162,0.2228113644455087,Pauini,Amazonas
402,187,2025-09-01,,,,19,9,66,35.995799604668676,20.357283626694276,,,26.150743140243947,25.349809451219528,,0.0,0.0,0,35723,11.247625022795162,0.2228113644455087,Pauini,Amazonas
403,187,2025-10-01,,,,31,19,28,184.80620528990963,35.995799604668676,,,26.543845274390264,26.150743140243947,,0.0,0.0,0,35723,11.247625022795162,0.2228113644455087,Pauini,Amazonas
404,187,2025-11-01,,,,9,31,22,162.80506400602408,184.80620528990963,,,26.052782012195166,26.543845274390264,,0.0,0.0,0,35723,11.247625022795162,0.2228113644455087,Pauini,Amazonas
405,187,2025-12-01,,,,11,9,9,208.58687876506025,162.80506400602408,,,25.87621951219512,26.052782012195166,,0.0,0.0,0,35723,11.247625022795162,0.2228113644455087,Pauini,Amazonas
406,188,2025-04-01,,,,4,3,3,332.5157001201923,240.4095740685096,,,25.743738026819926,25.393582375478957,,0.0,0.0,0,16716,7.120482355546678,0.5051522648328672,Presidente Figueiredo,Amazonas
407,188,2025-05-01,,,,11,4,7,304.2292668269231,332.5157001201923,,,25.692073754789305,25.743738026819926,,0.0,0.0,0,16716,7.120482355546678,0.5051522648328672,Presidente Figueiredo,Amazonas
408,188,2025-06-01,,,,10,11,5,224.7428260216346,304.2292668269231,,,25.786602011494267,25.692073754789305,,0.0,0.0,0,16716,7.120482355546678,0.5051522648328672,Presidente Figueiredo,Amazonas
409,188,2025-07-01,,,,7,10,3,186.33082932692307,224.7428260216346,,,25.628316570881225,25.786602011494267,,0.0,0.0,0,16716,7.120482355546678,0.5051522648328672,Presidente Figueiredo,Amazonas
410,188,2025-08-01,,,,8,7,4,189.56065955528845,186.33082932692307,,,25.84317528735636,25.628316570881225,,0.0,0.0,0,16716,7.120482355546678,0.5051522648328672,Presidente Figueiredo,Amazonas
411,188,2025-09-01,,,,19,8,11,123.8474872295673,189.56065955528845,,,26.42764607279696,25.84317528735636,,0.0,0.0,1,16716,7.120482355546678,0.5051522648328672,Presidente Figueiredo,Amazonas
412,188,2025-10-01,,,,18,19,10,91.711669921875,123.8474872295673,,,28.078268678160953,26.42764607279696,,0.0,0.0,1,16716,7.120482355546678,0.5051522648328672,Presidente Figueiredo,Amazonas
413,188,2025-11-01,,,,15,18,7,126.93625112680289,91.711669921875,,,27.103202825670508,28.078268678160953,,0.0,0.0,0,16716,7.120482355546678,0.5051522648328672,Presidente Figueiredo,Amazonas
414,188,2025-12-01,,,,5,15,8,142.20652418870193,126.93625112680289,,,26.788697318007678,27.103202825670508,,16.223069411057708,-0.24980543582375958,0,16716,7.120482355546678,0.5051522648328672,Presidente Figueiredo,Amazonas
415,189,2025-04-01,,,,36,35,9,320.47265625,234.29092407226562,,,25.61412259615389,25.296243990384653,,0.0,0.0,0,9044,15.717797528563473,0.25260332026345,Rio Preto da Eva,Amazonas
416,189,2025-05-01,,,,29,36,84,239.81179809570312,320.47265625,,,25.89086538461538,25.61412259615389,,0.0,0.0,0,9044,15.717797528563473,0.25260332026345,Rio Preto da Eva,Amazonas
417,189,2025-06-01,,,,30,29,80,176.42428588867188,239.81179809570312,,,26.05552884615389,25.89086538461538,,0.0,0.0,0,9044,15.717797528563473,0.25260332026345,Rio Preto da Eva,Amazonas
418,189,2025-07-01,,,,24,30,35,217.2964324951172,176.42428588867188,,,25.733052884615404,26.05552884615389,,0.0,0.0,0,9044,15.717797528563473,0.25260332026345,Rio Preto da Eva,Amazonas
419,189,2025-08-01,,,,17,24,36,124.14166259765625,217.2964324951172,,,26.075120192307736,25.733052884615404,,0.0,0.0,0,9044,15.717797528563473,0.25260332026345,Rio Preto da Eva,Amazonas
420,189,2025-09-01,,,,34,17,29,106.05754089355469,124.14166259765625,,,26.779717548076974,26.075120192307736,,0.0,0.0,0,9044,15.717797528563473,0.25260332026345,Rio Preto da Eva,Amazonas
421,189,2025-10-01,,,,17,34,30,92.05326080322266,106.05754089355469,,,28.522596153846166,26.779717548076974,,0.0,0.0,0,9044,15.717797528563473,0.25260332026345,Rio Preto da Eva,Amazonas
422,189,2025-11-01,,,,31,17,24,159.4092559814453,92.05326080322266,,,27.247536057692344,28.522596153846166,,0.0,0.0,0,9044,15.717797528563473,0.25260332026345,Rio Preto da Eva,Amazonas
423,189,2025-12-01,,,,16,31,17,189.4026641845703,159.4092559814453,,,27.179777644230796,27.247536057692344,,61.29296875,-0.09669471153844711,0,9044,15.717797528563473,0.25260332026345,Rio Preto da Eva,Amazonas
424,190,2025-04-01,,,,389,292,13,133.16622792119566,155.21677989130436,,,26.424757996633048,25.8620212542088,,0.0,0.0,1,66261,10.416538850311134,0.3804428984691868,Santa Isabel do Rio Negro,Amazonas
425,190,2025-05-01,,,,374,389,408,295.6608695652174,133.16622792119566,,,25.721291035353545,26.424757996633048,,0.0,0.0,0,66261,10.416538850311134,0.3804428984691868,Santa Isabel do Rio Negro,Amazonas
426,190,2025-06-01,,,,342,374,364,233.4486922554348,295.6608695652174,,,25.449431818181836,25.721291035353545,,0.0,0.0,0,66261,10.416538850311134,0.3804428984691868,Santa Isabel do Rio Negro,Amazonas
427,190,2025-07-01,,,,141,342,292,272.9888586956522,233.4486922554348,,,24.762194865319884,25.449431818181836,,0.0,0.0,0,66261,10.416538850311134,0.3804428984691868,Santa Isabel do Rio Negro,Amazonas
428,190,2025-08-01,,,,231,141,389,121.21314538043478,272.9888586956522,,,24.612257996633048,24.762194865319884,,0.0,0.0,0,66261,10.416538850311134,0.3804428984691868,Santa Isabel do Rio Negro,Amazonas
429,190,2025-09-01,,,,247,231,374,161.74612771739132,121.21314538043478,,,25.464846380471386,24.612257996633048,,0.0,0.0,0,66261,10.416538850311134,0.3804428984691868,Santa Isabel do Rio Negro,Amazonas
430,190,2025-10-01,,,,286,247,342,186.47554347826087,161.74612771739132,,,26.30207281144783,25.464846380471386,,0.0,0.0,0,66261,10.416538850311134,0.3804428984691868,Santa Isabel do Rio Negro,Amazonas
431,190,2025-11-01,,,,234,286,141,139.40627547554348,186.47554347826087,,,26.266561447811455,26.30207281144783,,0.0,0.0,0,66261,10.416538850311134,0.3804428984691868,Santa Isabel do Rio Negro,Amazonas
432,190,2025-12-01,,,,141,234,231,229.0241168478261,139.40627547554348,,,26.11181081649835,26.266561447811455,,53.55889096467391,-0.14123000841752287,0,66261,10.416538850311134,0.3804428984691868,Santa Isabel do Rio Negro,Amazonas
433,192,2024-12-01,,,,92,1,2,220.28902994791667,220.28902994791667,,,26.85108640081802,27.686464723926406,,-14.211344401041657,-0.09033103271983123,0,85641,18.774875124633187,0.32764298139349024,São Gabriel da Cachoeira,Amazonas
434,192,2025-01-01,,,,1267,92,1,220.28902994791667,220.28902994791667,,,25.973402351738287,26.85108640081802,,-21.391943359375006,-0.4681269171778979,1,85641,18.774875124633187,0.32764298139349024,São Gabriel da Cachoeira,Amazonas
435,192,2025-02-01,,,,1038,1267,1,177.50514322916666,220.28902994791667,,,26.108691206543995,25.973402351738287,,0.0,0.0,1,85641,18.774875124633187,0.32764298139349024,São Gabriel da Cachoeira,Amazonas
436,192,2025-03-01,,,,901,1038,1,185.5568793402778,177.50514322916666,,,25.551655163599207,26.108691206543995,,-38.07872178819443,-0.4608096881390793,0,85641,18.774875124633187,0.32764298139349024,São Gabriel da Cachoeira,Amazonas
437,192,2025-04-01,,,,732,901,92,144.1315863715278,185.5568793402778,,,26.15387269938651,25.551655163599207,,0.0,0.0,0,85641,18.774875124633187,0.32764298139349024,São Gabriel da Cachoeira,Amazonas
438,192,2025-05-01,,,,788,732,1267,271.4208550347222,144.1315863715278,,,25.743213190184065,26.15387269938651,,0.0,0.0,0,85641,18.774875124633187,0.32764298139349024,São Gabriel da Cachoeira,Amazonas
439,192,2025-06-01,,,,803,788,1038,252.69301215277778,271.4208550347222,,,25.409081032719882,25.743213190184065,,0.0,0.0,0,85641,18.774875124633187,0.32764298139349024,São Gabriel da Cachoeira,Amazonas
440,192,2025-07-01,,,,809,803,901,445.55859375,252.69301215277778,,,24.814628067484705,25.409081032719882,,0.0,0.0,0,85641,18.774875124633187,0.32764298139349024,São Gabriel da Cachoeira,Amazonas
441,192,2025-08-01,,,,983,809,732,180.37389322916667,445.55859375,,,24.4319913087935,24.814628067484705,,0.0,0.0,0,85641,18.774875124633187,0.32764298139349024,São Gabriel da Cachoeira,Amazonas
442,192,2025-09-01,,,,797,983,788,246.2947482638889,180.37389322916667,,,25.208576175869155,24.4319913087935,,0.0,0.0,0,85641,18.774875124633187,0.32764298139349024,São Gabriel da Cachoeira,Amazonas
443,192,2025-10-01,,,,913,797,803,225.23502604166666,246.2947482638889,,,25.85351482617591,25.208576175869155,,-6.727143012152766,-0.7826239775051249,0,85641,18.774875124633187,0.32764298139349024,São Gabriel da Cachoeira,Amazonas
444,192,2025-11-01,,,,626,913,809,206.83474392361111,225.23502604166666,,,26.121216768916156,25.85351482617591,,-2.4729980468750057,-0.49303425357874175,0,85641,18.774875124633187,0.32764298139349024,São Gabriel da Cachoeira,Amazonas
445,192,2025-12-01,,,,415,626,983,215.34303385416666,206.83474392361111,,,25.865017893660536,26.121216768916156,,14.211344401041657,0.09033103271983123,0,85641,18.774875124633187,0.32764298139349024,São Gabriel da Cachoeira,Amazonas
446,197,2025-04-01,,,,93,155,8,357.0904668328221,385.82884394171776,,,25.713039185905245,25.344646111786176,,0.0,0.0,0,53660,6.85216955467339,0.296211435462114,Tapauá,Amazonas
447,197,2025-05-01,,,,140,93,118,243.74597392638037,357.0904668328221,,,26.011774756986654,25.713039185905245,,0.0,0.0,0,53660,6.85216955467339,0.296211435462114,Tapauá,Amazonas
448,197,2025-06-01,,,,149,140,84,173.96708445168713,243.74597392638037,,,25.896343408262453,26.011774756986654,,0.0,0.0,0,53660,6.85216955467339,0.296211435462114,Tapauá,Amazonas
449,197,2025-07-01,,,,195,149,155,88.0624041411043,173.96708445168713,,,25.66417071688943,25.896343408262453,,0.0,0.0,1,53660,6.85216955467339,0.296211435462114,Tapauá,Amazonas
450,197,2025-08-01,,,,206,195,93,28.03718726035276,88.0624041411043,,,26.490359204131266,25.66417071688943,,0.0,0.0,1,53660,6.85216955467339,0.296211435462114,Tapauá,Amazonas
451,197,2025-09-01,,,,137,206,140,61.99278661809816,28.03718726035276,,,26.992333687727864,26.490359204131266,,0.0,0.0,0,53660,6.85216955467339,0.296211435462114,Tapauá,Amazonas
452,197,2025-10-01,,,,91,137,149,150.16103096242333,61.99278661809816,,,27.18575713851766,26.992333687727864,,0.0,0.0,0,53660,6.85216955467339,0.296211435462114,Tapauá,Amazonas
453,197,2025-11-01,,,,57,91,195,189.14646041027606,150.16103096242333,,,26.611562120291637,27.18575713851766,,0.0,0.0,0,53660,6.85216955467339,0.296211435462114,Tapauá,Amazonas
454,197,2025-12-01,,,,22,57,206,211.13343558282207,189.14646041027606,,,26.56464914945326,26.611562120291637,,95.3157861627684,0.024519668894271263,0,53660,6.85216955467339,0.296211435462114,Tapauá,Amazonas
455,199,2025-04-01,,,,118,79,6,211.052734375,301.03089735243054,,,26.108455882352985,25.517095588235293,,0.0,0.0,0,45926,6.3069766161365575,0.26319939512100593,Tonantins,Amazonas
456,199,2025-05-01,,,,110,118,100,312.93199327256946,211.052734375,,,25.964223345588266,26.108455882352985,,0.0,0.0,0,45926,6.3069766161365575,0.26319939512100593,Tonantins,Amazonas
457,199,2025-06-01,,,,130,110,188,289.6130099826389,312.93199327256946,,,25.39395680147061,25.964223345588266,,0.0,0.0,0,45926,6.3069766161365575,0.26319939512100593,Tonantins,Amazonas
458,199,2025-07-01,,,,93,130,79,181.94398328993054,289.6130099826389,,,25.149264705882388,25.39395680147061,,0.0,0.0,0,45926,6.3069766161365575,0.26319939512100593,Tonantins,Amazonas
459,199,2025-08-01,,,,158,93,118,94.54347737630208,181.94398328993054,,,25.177665441176487,25.149264705882388,,0.0,0.0,0,45926,6.3069766161365575,0.26319939512100593,Tonantins,Amazonas
460,199,2025-09-01,,,,106,158,110,130.10549587673611,94.54347737630208,,,25.57755055147061,25.177665441176487,,0.0,0.0,0,45926,6.3069766161365575,0.26319939512100593,Tonantins,Amazonas
461,199,2025-10-01,,,,189,106,130,243.91140407986111,130.10549587673611,,,26.51482077205884,25.57755055147061,,0.0,0.0,1,45926,6.3069766161365575,0.26319939512100593,Tonantins,Amazonas
462,199,2025-11-01,,,,72,189,93,143.38397894965277,243.91140407986111,,,26.51569393382357,26.51482077205884,,0.0,0.0,0,45926,6.3069766161365575,0.26319939512100593,Tonantins,Amazonas
463,199,2025-12-01,,,,91,72,158,197.30826822916666,143.38397894965277,,,26.241222426470586,26.51569393382357,,68.11470540364581,0.216796875,0,45926,6.3069766161365575,0.26319939512100593,Tonantins,Amazonas
464,200,2025-03-01,,,,52,48,1,217.41171875,272.46869140625,,,25.792423844537836,26.435084033613464,,0.0,0.0,0,82531,19.42934870187634,0.23894962992905452,Uarini,Amazonas
465,200,2025-04-01,,,,47,52,3,259.724296875,217.41171875,,,26.37159926470588,25.792423844537836,,0.0,0.0,0,82531,19.42934870187634,0.23894962992905452,Uarini,Amazonas
466,200,2025-05-01,,,,60,47,83,315.319375,259.724296875,,,26.087132352941182,26.37159926470588,,0.0,0.0,0,82531,19.42934870187634,0.23894962992905452,Uarini,Amazonas
467,200,2025-06-01,,,,56,60,48,296.37626953125,315.319375,,,25.85866596638658,26.087132352941182,,0.0,0.0,0,82531,19.42934870187634,0.23894962992905452,Uarini,Amazonas
468,200,2025-07-01,,,,110,56,52,193.7183984375,296.37626953125,,,25.59126838235295,25.85866596638658,,0.0,0.0,1,82531,19.42934870187634,0.23894962992905452,Uarini,Amazonas
469,200,2025-08-01,,,,102,110,47,62.6966796875,193.7183984375,,,25.674087447478996,25.59126838235295,,0.0,0.0,0,82531,19.42934870187634,0.23894962992905452,Uarini,Amazonas
470,200,2025-09-01,,,,85,102,60,126.192294921875,62.6966796875,,,26.06592699579835,25.674087447478996,,0.0,0.0,0,82531,19.42934870187634,0.23894962992905452,Uarini,Amazonas
471,200,2025-10-01,,,,109,85,56,177.9643359375,126.192294921875,,,26.98238576680677,26.06592699579835,,0.0,0.0,1,82531,19.42934870187634,0.23894962992905452,Uarini,Amazonas
472,200,2025-11-01,,,,77,109,110,171.663046875,177.9643359375,,,26.748831407563046,26.98238576680677,,9.381904296875007,-0.6470259978991635,0,82531,19.42934870187634,0.23894962992905452,Uarini,Amazonas
473,200,2025-12-01,,,,46,77,102,254.9393359375,171.663046875,,,26.598883928571468,26.748831407563046,,90.841865234375,0.1584000787815114,0,82531,19.42934870187634,0.23894962992905452,Uarini,Amazonas
474,549,2025-05-01,,,,1,1,1,58.754536946614586,24.91277567545573,,,27.594679418103453,27.375660021551766,,0.0,0.0,0,215826,103.9930635421283,0.38052942345189494,Santana,Bahia
475,549,2025-07-01,,,,2,1,1,6.416874779595269,58.754536946614586,,,25.68048221982758,27.594679418103453,,0.0,0.0,0,215826,103.9930635421283,0.38052942345189494,Santana,Bahia
476,549,2025-08-01,,,,1,2,2,0.6207156711154513,6.416874779595269,,,24.076023706896592,25.68048221982758,,0.0,0.0,0,215826,103.9930635421283,0.38052942345189494,Santana,Bahia
477,549,2025-09-01,,,,4,1,1,0.166158397992452,0.6207156711154513,,,25.92745150862072,24.076023706896592,,0.0,0.0,0,215826,103.9930635421283,0.38052942345189494,Santana,Bahia
478,549,2025-10-01,,,,4,4,1,6.867458767361111,0.166158397992452,,,27.687688577586243,25.92745150862072,,0.0,0.0,0,215826,103.9930635421283,0.38052942345189494,Santana,Bahia
479,549,2025-11-01,,,,3,4,2,39.74592420789931,6.867458767361111,,,28.18307516163793,27.687688577586243,,0.0,0.0,0,215826,103.9930635421283,0.38052942345189494,Santana,Bahia
480,549,2025-12-01,,,,7,3,1,170.39488389756946,39.74592420789931,,,26.99426185344828,28.18307516163793,,52.50569449530707,-0.5371767241379359,1,215826,103.9930635421283,0.38052942345189494,Santana,Bahia
481,1150,2025-06-01,,,,1,4,4,250.88116455078125,448.1741129557292,,,26.754687500000045,26.24114583333335,,0.0,0.0,0,60172,132.16191159695882,0.3426176897374898,Bacuri,Maranhão
482,1150,2025-07-01,,,,3,1,5,127.48417154947917,250.88116455078125,,,26.522330729166697,26.754687500000045,,0.0,0.0,0,60172,132.16191159695882,0.3426176897374898,Bacuri,Maranhão
483,1150,2025-09-01,,,,2,3,9,118.18259684244792,127.48417154947917,,,26.423307291666674,26.522330729166697,,0.0,0.0,0,60172,132.16191159695882,0.3426176897374898,Bacuri,Maranhão
484,1150,2025-10-01,,,,1,2,4,7.909722646077474,118.18259684244792,,,27.396093750000034,26.423307291666674,,0.0,0.0,0,60172,132.16191159695882,0.3426176897374898,Bacuri,Maranhão
485,1150,2025-11-01,,,,1,1,1,6.535976409912109,7.909722646077474,,,27.52350260416671,27.396093750000034,,0.0,0.0,0,60172,132.16191159695882,0.3426176897374898,Bacuri,Maranhão
486,1177,2025-11-01,,,,2,2,1,20.840957641601562,12.581031799316406,,,29.644921875000023,27.247583007812523,,0.0,0.0,0,298706,33.742680869359475,0.5829785896605199,Capinzal do Norte,Maranhão
487,1194,2025-06-01,,,,12,11,9,27.61250877380371,118.44246673583984,,,27.035302734375023,26.450830078125023,,0.0,0.0,1,39653,73.4974717311099,0.26973486555140563,Dom Pedro,Maranhão
488,1194,2025-07-01,,,,5,12,9,11.149219512939453,27.61250877380371,,,27.495874023437523,27.035302734375023,,0.0,0.0,0,39653,73.4974717311099,0.26973486555140563,Dom Pedro,Maranhão
489,1194,2025-08-01,,,,7,5,9,7.8989176750183105,11.149219512939453,,,27.787255859375023,27.495874023437523,,0.0,0.0,0,39653,73.4974717311099,0.26973486555140563,Dom Pedro,Maranhão
490,1194,2025-09-01,,,,9,7,11,9.797910690307617,7.8989176750183105,,,28.479882812500023,27.787255859375023,,0.0,0.0,0,39653,73.4974717311099,0.26973486555140563,Dom Pedro,Maranhão
491,1194,2025-10-01,,,,7,9,12,15.505304336547852,9.797910690307617,,,29.793603515625023,28.479882812500023,,0.0,0.0,0,39653,73.4974717311099,0.26973486555140563,Dom Pedro,Maranhão
492,1194,2025-11-01,,,,9,7,5,21.742103576660156,15.505304336547852,,,29.470849609375023,29.793603515625023,,0.0,0.0,0,39653,73.4974717311099,0.26973486555140563,Dom Pedro,Maranhão
493,1210,2025-06-01,,,,7,11,9,318.378271484375,527.55068359375,,,26.253988486842104,25.727158717105283,,0.0,0.0,0,266866,61.22330584319714,0.40459581545159884,Governador Nunes Freire,Maranhão
494,1210,2025-07-01,,,,10,7,34,188.6615478515625,318.378271484375,,,25.942979029605283,26.253988486842104,,0.0,0.0,0,266866,61.22330584319714,0.40459581545159884,Governador Nunes Freire,Maranhão
495,1210,2025-08-01,,,,1,10,3,156.75355224609376,188.6615478515625,,,25.827179276315803,25.942979029605283,,0.0,0.0,0,266866,61.22330584319714,0.40459581545159884,Governador Nunes Freire,Maranhão
496,1220,2025-09-01,,,,1,3,2,8.419154030936104,26.969927106584823,,,28.62957589285719,27.87878534226195,,0.0,0.0,0,112353,108.16772466805062,0.3464935333442756,Itapecuru Mirim,Maranhão
497,1220,2025-10-01,,,,4,1,1,13.516629900251116,8.419154030936104,,,29.82019159226195,28.62957589285719,,0.0,0.0,0,112353,108.16772466805062,0.3464935333442756,Itapecuru Mirim,Maranhão
498,1220,2025-11-01,,,,10,4,2,11.812382289341517,13.516629900251116,,,29.90659412202382,29.82019159226195,,0.0,0.0,1,112353,108.16772466805062,0.3464935333442756,Itapecuru Mirim,Maranhão
499,1235,2025-09-01,,,,27,18,1,8.251486097063337,2.3102114541190013,,,29.256127929687523,28.25140787760421,,0.0,0.0,0,224090,101.13729314959392,0.5526169220117926,Loreto,Maranhão
500,1235,2025-10-01,,,,9,27,4,4.54478509085519,8.251486097063337,,,30.770654296875023,29.256127929687523,,0.0,0.0,0,224090,101.13729314959392,0.5526169220117926,Loreto,Maranhão
501,1235,2025-11-01,,,,30,9,7,20.51177978515625,4.54478509085519,,,30.486189778645837,30.770654296875023,,0.0,0.0,1,224090,101.13729314959392,0.5526169220117926,Loreto,Maranhão
502,1235,2025-12-01,,,,10,30,18,152.47860281808036,20.51177978515625,,,28.664656575520837,30.486189778645837,,0.0,0.0,0,224090,101.13729314959392,0.5526169220117926,Loreto,Maranhão
503,1251,2025-07-01,,,,1,1,1,55.35493469238281,117.40250396728516,,,26.979714439655197,26.73547279094828,,0.0,0.0,0,176140,143.46948968605147,0.44925981461361414,Morros,Maranhão
504,1251,2025-08-01,,,,1,1,1,29.657129287719727,55.35493469238281,,,27.267800377155197,26.979714439655197,,0.0,0.0,0,176140,143.46948968605147,0.44925981461361414,Morros,Maranhão
505,1251,2025-09-01,,,,1,1,1,9.429849624633789,29.657129287719727,,,27.979040948275895,27.267800377155197,,0.0,0.0,0,176140,143.46948968605147,0.44925981461361414,Morros,Maranhão
506,1251,2025-10-01,,,,1,1,1,10.718832015991211,9.429849624633789,,,29.061307920258628,27.979040948275895,,0.0,0.0,0,176140,143.46948968605147,0.44925981461361414,Morros,Maranhão
507,1251,2025-11-01,,,,3,1,1,1.8278896808624268,10.718832015991211,,,29.10333378232758,29.061307920258628,,0.0,0.0,1,176140,143.46948968605147,0.44925981461361414,Morros,Maranhão
508,1251,2025-12-01,,,,2,3,1,6.702680587768555,1.8278896808624268,,,28.7245285560345,29.10333378232758,,0.0,0.0,0,176140,143.46948968605147,0.44925981461361414,Morros,Maranhão
509,1287,2025-05-01,,,,7,5,1,363.97650146484375,390.390380859375,,,26.600995342548117,26.08841271033657,,0.0,0.0,0,21201,61.29056399823548,0.5537684777067602,Rosário,Maranhão
510,1287,2025-06-01,,,,15,7,1,217.10891723632812,363.97650146484375,,,26.970887169471155,26.600995342548117,,0.0,0.0,0,21201,61.29056399823548,0.5537684777067602,Rosário,Maranhão
511,1287,2025-07-01,,,,7,15,5,76.71988677978516,217.10891723632812,,,27.19104567307693,26.970887169471155,,0.0,0.0,0,21201,61.29056399823548,0.5537684777067602,Rosário,Maranhão
512,1287,2025-08-01,,,,16,7,5,36.705257415771484,76.71988677978516,,,27.401438551682702,27.19104567307693,,0.0,0.0,1,21201,61.29056399823548,0.5537684777067602,Rosário,Maranhão
513,1287,2025-09-01,,,,3,16,7,8.082267761230469,36.705257415771484,,,28.129616135817344,27.401438551682702,,0.0,0.0,0,21201,61.29056399823548,0.5537684777067602,Rosário,Maranhão
514,1287,2025-10-01,,,,1,3,15,8.91301441192627,8.082267761230469,,,29.261902794471155,28.129616135817344,,0.0,0.0,0,21201,61.29056399823548,0.5537684777067602,Rosário,Maranhão
515,1287,2025-11-01,,,,2,1,7,4.462315082550049,8.91301441192627,,,29.299293870192344,29.261902794471155,,0.0,0.0,0,21201,61.29056399823548,0.5537684777067602,Rosário,Maranhão
516,1323,2025-06-01,,,,12,9,1,88.96336059570312,185.516357421875,,,27.213916015625045,26.847509765625034,,0.0,0.0,0,163246,105.28100820058454,0.4505255951651404,Satubinha,Maranhão
517,1323,2025-07-01,,,,8,12,7,43.648895263671875,88.96336059570312,,,27.213183593750045,27.213916015625045,,0.0,0.0,0,163246,105.28100820058454,0.4505255951651404,Satubinha,Maranhão
518,1323,2025-08-01,,,,6,8,14,25.093746948242188,43.648895263671875,,,27.619873046875,27.213183593750045,,0.0,0.0,0,163246,105.28100820058454,0.4505255951651404,Satubinha,Maranhão
519,1323,2025-09-01,,,,6,6,9,15.487344360351562,25.093746948242188,,,28.418017578125045,27.619873046875,,0.0,0.0,0,163246,105.28100820058454,0.4505255951651404,Satubinha,Maranhão
520,1323,2025-10-01,,,,3,6,12,11.621347045898437,15.487344360351562,,,29.853759765625,28.418017578125045,,0.0,0.0,0,163246,105.28100820058454,0.4505255951651404,Satubinha,Maranhão
521,1323,2025-11-01,,,,11,3,8,21.659133911132812,11.621347045898437,,,29.90839843750001,29.853759765625,,0.0,0.0,0,163246,105.28100820058454,0.4505255951651404,Satubinha,Maranhão
522,1323,2025-12-01,,,,7,11,6,13.421693420410156,21.659133911132812,,,29.81298828125,29.90839843750001,,0.0,0.0,0,163246,105.28100820058454,0.4505255951651404,Satubinha,Maranhão
523,1348,2025-06-01,,,,1,1,2,18.40610006581182,199.0941321331522,,,25.954337032710328,25.607575204439286,,0.0,0.0,0,15678,17.24086393419344,0.6635235142488776,Alta Floresta,Mato Grosso
524,1348,2025-07-01,,,,1,1,1,3.144028373386549,18.40610006581182,,,26.885375292056096,25.954337032710328,,0.0,0.0,0,15678,17.24086393419344,0.6635235142488776,Alta Floresta,Mato Grosso
525,1348,2025-08-01,,,,1,1,1,1.7088244894276494,3.144028373386549,,,26.87199547313088,26.885375292056096,,0.0,0.0,0,15678,17.24086393419344,0.6635235142488776,Alta Floresta,Mato Grosso
526,1348,2025-09-01,,,,3,1,1,6.204585863196331,1.7088244894276494,,,28.60576810747665,26.87199547313088,,0.0,0.0,1,15678,17.24086393419344,0.6635235142488776,Alta Floresta,Mato Grosso
527,1348,2025-10-01,,,,1,3,1,174.21037491508153,6.204585863196331,,,28.00752774532714,28.60576810747665,,0.0,0.0,0,15678,17.24086393419344,0.6635235142488776,Alta Floresta,Mato Grosso
528,1348,2025-11-01,,,,1,1,1,190.65864894701087,174.21037491508153,,,26.742340829439286,28.00752774532714,,0.0,0.0,0,15678,17.24086393419344,0.6635235142488776,Alta Floresta,Mato Grosso
529,1354,2025-05-01,,,,2,2,4,260.99192116477275,376.89817116477275,,,25.858757267441888,25.474981831395382,,0.0,0.0,0,34187,26.07474734965341,0.42751503103731026,Apiacás,Mato Grosso
530,1354,2025-06-01,,,,3,2,4,100.28235973011364,260.99192116477275,,,25.960701308139562,25.858757267441888,,0.0,0.0,0,34187,26.07474734965341,0.42751503103731026,Apiacás,Mato Grosso
531,1354,2025-08-01,,,,1,3,2,16.745000665838067,100.28235973011364,,,26.62427325581399,25.960701308139562,,0.0,0.0,0,34187,26.07474734965341,0.42751503103731026,Apiacás,Mato Grosso
532,1354,2025-09-01,,,,2,1,2,71.62910045276989,16.745000665838067,,,28.0049963662791,26.62427325581399,,0.0,0.0,0,34187,26.07474734965341,0.42751503103731026,Apiacás,Mato Grosso
533,1354,2025-10-01,,,,1,2,2,207.76169655539772,71.62910045276989,,,27.498800872093057,28.0049963662791,,0.0,0.0,0,34187,26.07474734965341,0.42751503103731026,Apiacás,Mato Grosso
534,1354,2025-11-01,,,,2,1,3,235.63083718039772,207.76169655539772,,,26.28581031976745,27.498800872093057,,0.0,0.0,0,34187,26.07474734965341,0.42751503103731026,Apiacás,Mato Grosso
535,1354,2025-12-01,,,,2,2,1,259.7569691051136,235.63083718039772,,,26.23822674418608,26.28581031976745,,0.0,0.0,0,34187,26.07474734965341,0.42751503103731026,Apiacás,Mato Grosso
536,1359,2025-05-01,,,,8,6,7,99.37957114361703,276.9346326462766,,,25.50618489583337,25.14765625000001,,0.0,0.0,0,26364,51.72830951947347,0.6079360361557609,Aripuanã,Mato Grosso
537,1359,2025-06-01,,,,5,8,12,122.78237200797872,99.37957114361703,,,25.413118489583383,25.50618489583337,,0.0,0.0,0,26364,51.72830951947347,0.6079360361557609,Aripuanã,Mato Grosso
538,1359,2025-07-01,,,,28,5,4,26.146235039893618,122.78237200797872,,,25.55322265625,25.413118489583383,,0.0,0.0,0,26364,51.72830951947347,0.6079360361557609,Aripuanã,Mato Grosso
539,1359,2025-08-01,,,,59,28,6,5.475527499584442,26.146235039893618,,,25.482812500000023,25.55322265625,,0.0,0.0,1,26364,51.72830951947347,0.6079360361557609,Aripuanã,Mato Grosso
540,1359,2025-09-01,,,,31,59,8,43.87810629986702,5.475527499584442,,,27.47076822916671,25.482812500000023,,0.0,0.0,0,26364,51.72830951947347,0.6079360361557609,Aripuanã,Mato Grosso
541,1359,2025-10-01,,,,51,31,5,123.24738198138297,43.87810629986702,,,27.29866536458337,27.47076822916671,,0.0,0.0,1,26364,51.72830951947347,0.6079360361557609,Aripuanã,Mato Grosso
542,1359,2025-11-01,,,,41,51,28,142.97145113031914,123.24738198138297,,,26.31201171875,27.29866536458337,,0.0,0.0,0,26364,51.72830951947347,0.6079360361557609,Aripuanã,Mato Grosso
543,1359,2025-12-01,,,,48,41,59,239.08063912898936,142.97145113031914,,,26.047591145833337,26.31201171875,,0.0,0.0,0,26364,51.72830951947347,0.6079360361557609,Aripuanã,Mato Grosso
544,1378,2025-06-01,,,,8,5,5,130.21617617849577,191.94703389830508,,,25.984696365248226,25.9289561170213,,0.0,0.0,0,42947,69.17700579137339,0.634612384756035,Colniza,Mato Grosso
545,1378,2025-07-01,,,,24,8,1,45.13231594279661,130.21617617849577,,,26.16654476950356,25.984696365248226,,0.0,0.0,0,42947,69.17700579137339,0.634612384756035,Colniza,Mato Grosso
546,1378,2025-08-01,,,,16,24,6,14.782507944915254,45.13231594279661,,,26.23126108156032,26.16654476950356,,0.0,0.0,0,42947,69.17700579137339,0.634612384756035,Colniza,Mato Grosso
547,1378,2025-09-01,,,,36,16,5,67.52492303363347,14.782507944915254,,,27.84734042553191,26.23126108156032,,0.0,0.0,0,42947,69.17700579137339,0.634612384756035,Colniza,Mato Grosso
548,1378,2025-10-01,,,,43,36,8,155.3736096398305,67.52492303363347,,,27.520185062056782,27.84734042553191,,0.0,0.0,0,42947,69.17700579137339,0.634612384756035,Colniza,Mato Grosso
549,1378,2025-11-01,,,,66,43,24,158.70140360169492,155.3736096398305,,,26.562904476950393,27.520185062056782,,0.0,0.0,1,42947,69.17700579137339,0.634612384756035,Colniza,Mato Grosso
550,1378,2025-12-01,,,,43,66,16,217.8091565148305,158.70140360169492,,,26.37274490248228,26.562904476950393,,0.0,0.0,0,42947,69.17700579137339,0.634612384756035,Colniza,Mato Grosso
551,1381,2025-04-01,,,,5,21,5,186.96321614583334,243.23030598958334,,,24.324345439189187,24.32793496621622,,0.0,0.0,0,37197,92.56415398059617,0.44398806559875426,Conquista D'Oeste,Mato Grosso
552,1381,2025-05-01,,,,13,5,37,124.38751898871527,186.96321614583334,,,23.622804054054086,24.324345439189187,,0.0,0.0,0,37197,92.56415398059617,0.44398806559875426,Conquista D'Oeste,Mato Grosso
553,1381,2025-06-01,,,,6,13,29,100.98450385199652,124.38751898871527,,,23.061518158783826,23.622804054054086,,0.0,0.0,0,37197,92.56415398059617,0.44398806559875426,Conquista D'Oeste,Mato Grosso
554,1381,2025-07-01,,,,4,6,21,13.109777662489149,100.98450385199652,,,22.374229307432472,23.061518158783826,,0.0,0.0,0,37197,92.56415398059617,0.44398806559875426,Conquista D'Oeste,Mato Grosso
555,1381,2025-08-01,,,,10,4,5,5.7324341668023004,13.109777662489149,,,21.308614864864865,22.374229307432472,,0.0,0.0,0,37197,92.56415398059617,0.44398806559875426,Conquista D'Oeste,Mato Grosso
556,1381,2025-09-01,,,,1,10,13,9.577004326714409,5.7324341668023004,,,23.691796875000023,21.308614864864865,,0.0,0.0,0,37197,92.56415398059617,0.44398806559875426,Conquista D'Oeste,Mato Grosso
557,1381,2025-10-01,,,,8,1,6,35.31019083658854,9.577004326714409,,,26.844932432432472,23.691796875000023,,0.0,0.0,0,37197,92.56415398059617,0.44398806559875426,Conquista D'Oeste,Mato Grosso
558,1381,2025-11-01,,,,9,8,4,104.08953179253473,35.31019083658854,,,25.313128167229763,26.844932432432472,,0.0,0.0,0,37197,92.56415398059617,0.44398806559875426,Conquista D'Oeste,Mato Grosso
559,1381,2025-12-01,,,,10,9,10,150.42706976996527,104.08953179253473,,,25.15964949324325,25.313128167229763,,96.93840874565973,-0.528821790540519,0,37197,92.56415398059617,0.44398806559875426,Conquista D'Oeste,Mato Grosso
560,1416,2025-04-01,,,,6,8,1,328.0155078125,379.710078125,,,25.41042588495577,24.981498893805338,,0.0,0.0,0,14636,82.72736860922393,0.6019329563789961,Nova Bandeirantes,Mato Grosso
561,1416,2025-05-01,,,,2,6,2,187.77404296875,328.0155078125,,,25.572172289823015,25.41042588495577,,0.0,0.0,0,14636,82.72736860922393,0.6019329563789961,Nova Bandeirantes,Mato Grosso
562,1416,2025-07-01,,,,2,2,2,79.939150390625,187.77404296875,,,25.570685840707995,25.572172289823015,,0.0,0.0,0,14636,82.72736860922393,0.6019329563789961,Nova Bandeirantes,Mato Grosso
563,1416,2025-08-01,,,,2,2,8,3.1910769653320314,79.939150390625,,,26.32455752212394,25.570685840707995,,0.0,0.0,0,14636,82.72736860922393,0.6019329563789961,Nova Bandeirantes,Mato Grosso
564,1416,2025-09-01,,,,1,2,6,49.4653173828125,3.1910769653320314,,,27.947794524336302,26.32455752212394,,0.0,0.0,0,14636,82.72736860922393,0.6019329563789961,Nova Bandeirantes,Mato Grosso
565,1416,2025-10-01,,,,3,1,2,190.44943359375,49.4653173828125,,,27.44416482300886,27.947794524336302,,0.0,0.0,0,14636,82.72736860922393,0.6019329563789961,Nova Bandeirantes,Mato Grosso
566,1416,2025-11-01,,,,8,3,2,201.6686328125,190.44943359375,,,26.451700774336302,27.44416482300886,,0.0,0.0,0,14636,82.72736860922393,0.6019329563789961,Nova Bandeirantes,Mato Grosso
567,1416,2025-12-01,,,,9,8,2,271.12609375,201.6686328125,,,26.13584762168142,26.451700774336302,,71.83175781249997,-0.33204853429202785,1,14636,82.72736860922393,0.6019329563789961,Nova Bandeirantes,Mato Grosso
568,1420,2025-06-01,,,,1,1,1,90.92667061941964,185.02924455915178,,,23.94738991477277,25.00423768939396,,0.0,0.0,0,35032,66.23732098148697,0.5251670078596306,Nova Lacerda,Mato Grosso
569,1420,2025-12-01,,,,2,1,2,11.739802769252233,90.92667061941964,,,23.320703125000023,23.94738991477277,,0.0,0.0,0,35032,66.23732098148697,0.5251670078596306,Nova Lacerda,Mato Grosso
570,1437,2025-05-01,,,,15,2,22,175.89404296875,410.36865234375,,,25.407907196969745,25.165080492424238,,0.0,0.0,1,13210,80.49139389685924,0.5401158192438611,Peixoto de Azevedo,Mato Grosso
571,1437,2025-06-01,,,,9,15,7,11.874189758300782,175.89404296875,,,25.89469696969701,25.407907196969745,,0.0,0.0,0,13210,80.49139389685924,0.5401158192438611,Peixoto de Azevedo,Mato Grosso
572,1437,2025-07-01,,,,5,9,3,2.461673927307129,11.874189758300782,,,26.425639204545462,25.89469696969701,,0.0,0.0,0,13210,80.49139389685924,0.5401158192438611,Peixoto de Azevedo,Mato Grosso
573,1437,2025-08-01,,,,4,5,2,1.873283576965332,2.461673927307129,,,26.217495265151513,26.425639204545462,,0.0,0.0,0,13210,80.49139389685924,0.5401158192438611,Peixoto de Azevedo,Mato Grosso
574,1437,2025-09-01,,,,3,4,15,0.424615478515625,1.873283576965332,,,28.417376893939434,26.217495265151513,,0.0,0.0,0,13210,80.49139389685924,0.5401158192438611,Peixoto de Azevedo,Mato Grosso
575,1437,2025-10-01,,,,2,3,9,97.38780517578125,0.424615478515625,,,28.807291666666686,28.417376893939434,,0.0,0.0,0,13210,80.49139389685924,0.5401158192438611,Peixoto de Azevedo,Mato Grosso
576,1437,2025-11-01,,,,3,2,5,154.9060302734375,97.38780517578125,,,27.356013257575796,28.807291666666686,,0.0,0.0,0,13210,80.49139389685924,0.5401158192438611,Peixoto de Azevedo,Mato Grosso
577,1437,2025-12-01,,,,2,3,4,272.3181396484375,154.9060302734375,,,26.460653409090924,27.356013257575796,,0.0,0.0,0,13210,80.49139389685924,0.5401158192438611,Peixoto de Azevedo,Mato Grosso
578,1442,2025-06-01,,,,2,6,2,128.02180989583334,151.03096516927084,,,24.27117883663368,25.390184096534654,,0.0,0.0,0,21897,63.98202671907091,0.41174740374866164,Pontes e Lacerda,Mato Grosso
579,1442,2025-07-01,,,,7,2,4,7.0393727620442705,128.02180989583334,,,22.57497679455446,24.27117883663368,,0.0,0.0,0,21897,63.98202671907091,0.41174740374866164,Pontes e Lacerda,Mato Grosso
580,1442,2025-08-01,,,,7,7,2,5.73385492960612,7.0393727620442705,,,21.909289913366365,22.57497679455446,,0.0,0.0,0,21897,63.98202671907091,0.41174740374866164,Pontes e Lacerda,Mato Grosso
581,1442,2025-09-01,,,,1,7,6,10.429155985514322,5.73385492960612,,,23.96488629331685,21.909289913366365,,0.0,0.0,0,21897,63.98202671907091,0.41174740374866164,Pontes e Lacerda,Mato Grosso
582,1442,2025-10-01,,,,1,1,2,18.121236165364582,10.429155985514322,,,28.04426825495051,23.96488629331685,,0.0,0.0,0,21897,63.98202671907091,0.41174740374866164,Pontes e Lacerda,Mato Grosso
583,1442,2025-11-01,,,,2,1,7,113.51815795898438,18.121236165364582,,,26.381308013613875,28.04426825495051,,0.0,0.0,0,21897,63.98202671907091,0.41174740374866164,Pontes e Lacerda,Mato Grosso
584,1442,2025-12-01,,,,5,2,7,170.1797892252604,113.51815795898438,,,26.123785581683194,26.381308013613875,,0.0,0.0,0,21897,63.98202671907091,0.41174740374866164,Pontes e Lacerda,Mato Grosso
585,1453,2025-04-01,,,,2,2,2,202.6693115234375,233.42985026041666,,,26.284716796875045,26.20844726562501,,0.0,0.0,0,27453,42.144894759807734,0.6381822492765948,Rio Branco,Mato Grosso
586,1453,2025-05-01,,,,1,2,3,145.6224161783854,202.6693115234375,,,25.124658203125023,26.284716796875045,,0.0,0.0,0,27453,42.144894759807734,0.6381822492765948,Rio Branco,Mato Grosso
587,1453,2025-06-01,,,,5,1,8,86.3402099609375,145.6224161783854,,,24.501806640625034,25.124658203125023,,0.0,0.0,0,27453,42.144894759807734,0.6381822492765948,Rio Branco,Mato Grosso
588,1453,2025-08-01,,,,1,5,2,16.172251383463543,86.3402099609375,,,22.979785156250045,24.501806640625034,,0.0,0.0,0,27453,42.144894759807734,0.6381822492765948,Rio Branco,Mato Grosso
589,1453,2025-09-01,,,,1,1,2,10.87142817179362,16.172251383463543,,,24.838916015625045,22.979785156250045,,0.0,0.0,0,27453,42.144894759807734,0.6381822492765948,Rio Branco,Mato Grosso
590,1453,2025-12-01,,,,1,1,1,32.2361094156901,10.87142817179362,,,29.279150390625034,24.838916015625045,,95.28022257486981,-0.724926757812483,0,27453,42.144894759807734,0.6381822492765948,Rio Branco,Mato Grosso
591,1454,2025-06-01,,,,20,9,1,88.2860695167824,102.06429036458333,,,25.49171316964288,25.640625,,0.0,0.0,1,27914,54.75102655891103,0.5435344342529166,Rondolândia,Mato Grosso
592,1454,2025-07-01,,,,6,20,3,40.60725007233796,88.2860695167824,,,25.72511160714288,25.49171316964288,,0.0,0.0,0,27914,54.75102655891103,0.5435344342529166,Rondolândia,Mato Grosso
593,1454,2025-08-01,,,,5,6,10,5.405812016239873,40.60725007233796,,,25.578738839285734,25.72511160714288,,0.0,0.0,0,27914,54.75102655891103,0.5435344342529166,Rondolândia,Mato Grosso
594,1454,2025-09-01,,,,4,5,9,21.358836986400462,5.405812016239873,,,27.622460937500023,25.578738839285734,,0.0,0.0,0,27914,54.75102655891103,0.5435344342529166,Rondolândia,Mato Grosso
595,1454,2025-10-01,,,,6,4,20,114.31444408275463,21.358836986400462,,,27.7831194196429,27.622460937500023,,0.0,0.0,0,27914,54.75102655891103,0.5435344342529166,Rondolândia,Mato Grosso
596,1454,2025-11-01,,,,14,6,6,119.68895580150463,114.31444408275463,,,26.9071707589286,27.7831194196429,,0.0,0.0,0,27914,54.75102655891103,0.5435344342529166,Rondolândia,Mato Grosso
597,1454,2025-12-01,,,,12,14,5,195.83684172453704,119.68895580150463,,,26.42497209821431,26.9071707589286,,0.0,0.0,0,27914,54.75102655891103,0.5435344342529166,Rondolândia,Mato Grosso
598,2419,2025-11-01,,,,3,3,3,240.95792643229166,223.73824055989584,,,26.561886935763937,26.40362955729171,,0.0,0.0,0,59406,7.44115423387255,0.4354155756929333,Abaetetuba,Pará
599,2421,2025-06-01,,,,2,1,2,192.7078857421875,341.5488586425781,,,26.311006030701776,25.85671600877197,,0.0,0.0,0,59532,4.973606538309926,0.4490740556423767,Acará,Pará
600,2421,2025-07-01,,,,1,2,1,197.60801696777344,192.7078857421875,,,25.99487390350879,26.311006030701776,,0.0,0.0,0,59532,4.973606538309926,0.4490740556423767,Acará,Pará
601,2421,2025-08-01,,,,1,1,3,196.82749938964844,197.60801696777344,,,26.205468750000023,25.99487390350879,,0.0,0.0,0,59532,4.973606538309926,0.4490740556423767,Acará,Pará
602,2421,2025-09-01,,,,1,1,1,124.51154327392578,196.82749938964844,,,26.468421052631584,26.205468750000023,,0.0,0.0,0,59532,4.973606538309926,0.4490740556423767,Acará,Pará
603,2421,2025-10-01,,,,1,1,2,38.467926025390625,124.51154327392578,,,27.78023574561405,26.468421052631584,,0.0,0.0,0,59532,4.973606538309926,0.4490740556423767,Acará,Pará
604,2421,2025-11-01,,,,2,1,1,128.91885375976562,38.467926025390625,,,28.112541118421063,27.78023574561405,,0.0,0.0,0,59532,4.973606538309926,0.4490740556423767,Acará,Pará
605,2422,2025-05-01,,,,3,2,27,269.0543701171875,332.072119140625,,,25.81880580357148,25.227845982142867,,0.0,0.0,0,20071,12.33476895479181,0.33773854726862756,Afuá,Pará
606,2422,2025-06-01,,,,2,3,13,324.604345703125,269.0543701171875,,,26.243973214285745,25.81880580357148,,0.0,0.0,0,20071,12.33476895479181,0.33773854726862756,Afuá,Pará
607,2422,2025-07-01,,,,14,2,9,284.10224609375,324.604345703125,,,26.233984375000034,26.243973214285745,,0.0,0.0,0,20071,12.33476895479181,0.33773854726862756,Afuá,Pará
608,2422,2025-08-01,,,,19,14,2,187.8361083984375,284.10224609375,,,26.252204241071468,26.233984375000034,,0.0,0.0,0,20071,12.33476895479181,0.33773854726862756,Afuá,Pará
609,2422,2025-09-01,,,,10,19,3,72.41207275390624,187.8361083984375,,,26.5947265625,26.252204241071468,,0.0,0.0,0,20071,12.33476895479181,0.33773854726862756,Afuá,Pará
610,2422,2025-10-01,,,,4,10,2,53.5914794921875,72.41207275390624,,,27.63063616071429,26.5947265625,,0.0,0.0,0,20071,12.33476895479181,0.33773854726862756,Afuá,Pará
611,2422,2025-11-01,,,,3,4,14,21.287979125976562,53.5914794921875,,,28.065066964285734,27.63063616071429,,0.0,0.0,0,20071,12.33476895479181,0.33773854726862756,Afuá,Pará
612,2424,2025-04-01,,,,3,17,1,371.6305912990196,358.2343367034314,,,24.57119341563788,24.53415637860087,,0.0,0.0,0,4423,11.996315354735037,0.405820069125963,Alenquer,Pará
613,2424,2025-05-01,,,,19,3,26,300.68225337009807,371.6305912990196,,,24.909284979423887,24.57119341563788,,0.0,0.0,1,4423,11.996315354735037,0.405820069125963,Alenquer,Pará
614,2424,2025-06-01,,,,8,19,18,221.44561887254903,300.68225337009807,,,24.88796939300414,24.909284979423887,,0.0,0.0,0,4423,11.996315354735037,0.405820069125963,Alenquer,Pará
615,2424,2025-07-01,,,,18,8,17,184.6960209865196,221.44561887254903,,,24.416775977366285,24.88796939300414,,0.0,0.0,0,4423,11.996315354735037,0.405820069125963,Alenquer,Pará
616,2424,2025-08-01,,,,8,18,3,130.53492647058823,184.6960209865196,,,24.659670781893,24.416775977366285,,0.0,0.0,0,4423,11.996315354735037,0.405820069125963,Alenquer,Pará
617,2424,2025-09-01,,,,10,8,19,85.30311734068627,130.53492647058823,,,25.500913065843633,24.659670781893,,0.0,0.0,0,4423,11.996315354735037,0.405820069125963,Alenquer,Pará
618,2424,2025-10-01,,,,9,10,8,30.679084329044116,85.30311734068627,,,27.97847222222225,25.500913065843633,,0.0,0.0,0,4423,11.996315354735037,0.405820069125963,Alenquer,Pará
619,2424,2025-11-01,,,,8,9,18,26.92403875612745,30.679084329044116,,,28.15954218106998,27.97847222222225,,0.0,0.0,0,4423,11.996315354735037,0.405820069125963,Alenquer,Pará
620,2424,2025-12-01,,,,10,8,8,43.29113530177696,26.92403875612745,,,28.274607767489726,28.15954218106998,,-11.236802045036768,-0.15290637860084644,0,4423,11.996315354735037,0.405820069125963,Alenquer,Pará
621,2425,2025-04-01,,,,31,48,6,296.4137643129771,306.6782562022901,,,24.38402071220935,24.288408430232607,,0.0,0.0,0,61895,15.573831339064252,0.36684855434811,Almeirim,Pará
622,2425,2025-05-01,,,,21,31,31,264.1183504293893,296.4137643129771,,,24.77073946220935,24.38402071220935,,0.0,0.0,0,61895,15.573831339064252,0.36684855434811,Almeirim,Pará
623,2425,2025-06-01,,,,12,21,45,260.52093272900765,264.1183504293893,,,24.846457122093057,24.77073946220935,,0.0,0.0,0,61895,15.573831339064252,0.36684855434811,Almeirim,Pará
624,2425,2025-07-01,,,,20,12,48,226.4216066316794,260.52093272900765,,,24.455854832848843,24.846457122093057,,0.0,0.0,0,61895,15.573831339064252,0.36684855434811,Almeirim,Pará
625,2425,2025-08-01,,,,18,20,31,174.15150882633588,226.4216066316794,,,24.5623909883721,24.455854832848843,,0.0,0.0,0,61895,15.573831339064252,0.36684855434811,Almeirim,Pará
626,2425,2025-09-01,,,,28,18,21,112.28515625,174.15150882633588,,,25.142946039244237,24.5623909883721,,0.0,0.0,0,61895,15.573831339064252,0.36684855434811,Almeirim,Pará
627,2425,2025-10-01,,,,27,28,12,37.22789688692748,112.28515625,,,27.297265625000023,25.142946039244237,,0.0,0.0,0,61895,15.573831339064252,0.36684855434811,Almeirim,Pará
628,2425,2025-11-01,,,,33,27,20,26.301399988072518,37.22789688692748,,,28.064752906976764,27.297265625000023,,0.0,0.0,0,61895,15.573831339064252,0.36684855434811,Almeirim,Pará
629,2425,2025-12-01,,,,33,33,18,34.94050423425573,26.301399988072518,,,28.17049418604654,28.064752906976764,,-59.12645738907443,0.12057140261626387,0,61895,15.573831339064252,0.36684855434811,Almeirim,Pará
630,2426,2025-04-01,,,,47,56,5,431.9507434944238,356.4774628252788,,,24.827481933929846,24.668672573984907,,0.0,0.0,0,93953,7.291935708818105,0.2713633786194637,Altamira,Pará
631,2426,2025-05-01,,,,64,47,85,188.71466949349443,431.9507434944238,,,25.675404335856854,24.827481933929846,,0.0,0.0,0,93953,7.291935708818105,0.2713633786194637,Altamira,Pará
632,2426,2025-06-01,,,,111,64,44,89.96080680762081,188.71466949349443,,,26.18938403303514,25.675404335856854,,0.0,0.0,1,93953,7.291935708818105,0.2713633786194637,Altamira,Pará
633,2426,2025-07-01,,,,122,111,56,44.1606390857342,89.96080680762081,,,26.765734686854785,26.18938403303514,,0.0,0.0,1,93953,7.291935708818105,0.2713633786194637,Altamira,Pará
634,2426,2025-08-01,,,,102,122,47,12.896618697723047,44.1606390857342,,,27.435233138334524,26.765734686854785,,0.0,0.0,0,93953,7.291935708818105,0.2713633786194637,Altamira,Pará
635,2426,2025-09-01,,,,78,102,64,42.38195936919145,12.896618697723047,,,28.12664745354442,27.435233138334524,,0.0,0.0,0,93953,7.291935708818105,0.2713633786194637,Altamira,Pará
636,2426,2025-10-01,,,,74,78,111,69.78157673094796,42.38195936919145,,,28.551350653819725,28.12664745354442,,0.0,0.0,0,93953,7.291935708818105,0.2713633786194637,Altamira,Pará
637,2426,2025-11-01,,,,47,74,122,115.89127846189591,69.78157673094796,,,27.399423606331766,28.551350653819725,,0.0,0.0,0,93953,7.291935708818105,0.2713633786194637,Altamira,Pará
638,2426,2025-12-01,,,,29,47,102,150.75392077137548,115.89127846189591,,,27.187534411562297,27.399423606331766,,65.70219926231414,-0.10422401927047531,0,93953,7.291935708818105,0.2713633786194637,Altamira,Pará
639,2427,2025-03-01,,,,95,161,1,427.46465773809524,243.03506324404762,,,24.837255859375034,25.266650390625045,,0.0,0.0,0,59610,4.841245707443465,0.2193304574409,Anajás,Pará
640,2427,2025-04-01,,,,47,95,6,365.76190476190476,427.46465773809524,,,24.948291015625045,24.837255859375034,,23.28127906436015,-0.17301025390625568,0,59610,4.841245707443465,0.2193304574409,Anajás,Pará
641,2427,2025-05-01,,,,45,47,216,297.0237630208333,365.76190476190476,,,25.575170898437534,24.948291015625045,,0.0,0.0,0,59610,4.841245707443465,0.2193304574409,Anajás,Pará
642,2427,2025-06-01,,,,50,45,161,264.5831008184524,297.0237630208333,,,26.023974609375045,25.575170898437534,,0.0,0.0,0,59610,4.841245707443465,0.2193304574409,Anajás,Pará
643,2427,2025-07-01,,,,38,50,95,270.7998046875,264.5831008184524,,,25.9700927734375,26.023974609375045,,0.0,0.0,0,59610,4.841245707443465,0.2193304574409,Anajás,Pará
644,2427,2025-08-01,,,,86,38,47,257.88734654017856,270.7998046875,,,25.976245117187545,25.9700927734375,,0.0,0.0,0,59610,4.841245707443465,0.2193304574409,Anajás,Pará
645,2427,2025-09-01,,,,99,86,45,135.3667457217262,257.88734654017856,,,26.0849609375,25.976245117187545,,0.0,0.0,0,59610,4.841245707443465,0.2193304574409,Anajás,Pará
646,2427,2025-10-01,,,,64,99,50,58.54901413690476,135.3667457217262,,,27.243066406250023,26.0849609375,,0.0,0.0,0,59610,4.841245707443465,0.2193304574409,Anajás,Pará
647,2427,2025-11-01,,,,59,64,38,72.46871512276786,58.54901413690476,,,27.62409667968751,27.243066406250023,,0.0,0.0,0,59610,4.841245707443465,0.2193304574409,Anajás,Pará
648,2427,2025-12-01,,,,62,59,86,155.16782924107142,72.46871512276786,,,27.90754394531251,27.62409667968751,,-53.1333996000744,0.16153564453122726,0,59610,4.841245707443465,0.2193304574409,Anajás,Pará
649,2428,2025-04-01,,,,4,6,1,454.073486328125,408.7134094238281,,,25.634912109375023,25.384179687500023,,0.0,0.0,0,41467,14.566817569722646,0.27904869476655064,Ananindeua,Pará
650,2428,2025-05-01,,,,5,4,18,397.90655517578125,454.073486328125,,,26.097314453125023,25.634912109375023,,0.0,0.0,0,41467,14.566817569722646,0.27904869476655064,Ananindeua,Pará
651,2428,2025-06-01,,,,6,5,9,241.45529174804688,397.90655517578125,,,26.578027343750023,26.097314453125023,,0.0,0.0,0,41467,14.566817569722646,0.27904869476655064,Ananindeua,Pará
652,2428,2025-07-01,,,,7,6,6,203.6566162109375,241.45529174804688,,,26.419702148437523,26.578027343750023,,0.0,0.0,0,41467,14.566817569722646,0.27904869476655064,Ananindeua,Pará
653,2428,2025-08-01,,,,4,7,4,260.0289611816406,203.6566162109375,,,26.435449218750023,26.419702148437523,,0.0,0.0,0,41467,14.566817569722646,0.27904869476655064,Ananindeua,Pará
654,2428,2025-09-01,,,,8,4,5,149.81265258789062,260.0289611816406,,,26.515527343750023,26.435449218750023,,0.0,0.0,0,41467,14.566817569722646,0.27904869476655064,Ananindeua,Pará
655,2428,2025-10-01,,,,7,8,6,62.37932205200195,149.81265258789062,,,27.356835937500023,26.515527343750023,,0.0,0.0,0,41467,14.566817569722646,0.27904869476655064,Ananindeua,Pará
656,2428,2025-11-01,,,,10,7,7,89.70491790771484,62.37932205200195,,,27.612207031250023,27.356835937500023,,0.0,0.0,0,41467,14.566817569722646,0.27904869476655064,Ananindeua,Pará
657,2428,2025-12-01,,,,21,10,4,112.19729614257812,89.70491790771484,,,27.776757812500023,27.612207031250023,,-38.59290313720703,0.08447265625,1,41467,14.566817569722646,0.27904869476655064,Ananindeua,Pará
658,2433,2025-04-01,,,,58,83,10,377.04632161458335,522.3339192708333,,,25.46532827524038,25.27733999399038,,0.0,0.0,0,66188,19.86196062064391,0.2667723268173247,Bagre,Pará
659,2433,2025-05-01,,,,26,58,254,344.1258138020833,377.04632161458335,,,26.23489708533657,25.46532827524038,,0.0,0.0,0,66188,19.86196062064391,0.2667723268173247,Bagre,Pará
660,2433,2025-06-01,,,,35,26,133,179.003759765625,344.1258138020833,,,26.551904296875023,26.23489708533657,,0.0,0.0,0,66188,19.86196062064391,0.2667723268173247,Bagre,Pará
661,2433,2025-07-01,,,,89,35,83,170.71305338541666,179.003759765625,,,26.107230318509664,26.551904296875023,,0.0,0.0,0,66188,19.86196062064391,0.2667723268173247,Bagre,Pará
662,2433,2025-08-01,,,,84,89,58,116.8314453125,170.71305338541666,,,26.401588792067344,26.107230318509664,,0.0,0.0,0,66188,19.86196062064391,0.2667723268173247,Bagre,Pará
663,2433,2025-09-01,,,,72,84,26,103.31163736979167,116.8314453125,,,26.66646259014425,26.401588792067344,,0.0,0.0,0,66188,19.86196062064391,0.2667723268173247,Bagre,Pará
664,2433,2025-10-01,,,,109,72,35,12.213303629557291,103.31163736979167,,,28.137503756009664,26.66646259014425,,0.0,0.0,0,66188,19.86196062064391,0.2667723268173247,Bagre,Pará
665,2433,2025-11-01,,,,79,109,89,32.41830851236979,12.213303629557291,,,28.45430438701925,28.137503756009664,,0.0,0.0,0,66188,19.86196062064391,0.2667723268173247,Bagre,Pará
666,2433,2025-12-01,,,,88,79,84,47.66531575520833,32.41830851236979,,,28.721281550480796,28.45430438701925,,-3.68902587890625,0.1824951171875,0,66188,19.86196062064391,0.2667723268173247,Bagre,Pará
667,2434,2025-05-01,,,,2,1,3,411.83289513221155,544.2552208533654,,,25.76431183510641,25.47134308510641,,0.0,0.0,0,86220,5.266398768858841,0.42391771218464136,Baião,Pará
668,2434,2025-06-01,,,,3,2,5,183.03438626802884,411.83289513221155,,,26.677543218085134,25.76431183510641,,0.0,0.0,0,86220,5.266398768858841,0.42391771218464136,Baião,Pará
669,2434,2025-07-01,,,,6,3,1,138.25602839543268,183.03438626802884,,,26.340961602393634,26.677543218085134,,0.0,0.0,1,86220,5.266398768858841,0.42391771218464136,Baião,Pará
670,2434,2025-08-01,,,,5,6,1,46.34923846905048,138.25602839543268,,,26.665408909574467,26.340961602393634,,0.0,0.0,0,86220,5.266398768858841,0.42391771218464136,Baião,Pará
671,2434,2025-09-01,,,,2,5,2,66.61193378155048,46.34923846905048,,,27.050797872340468,26.665408909574467,,0.0,0.0,0,86220,5.266398768858841,0.42391771218464136,Baião,Pará
672,2434,2025-10-01,,,,3,2,3,9.379690317007212,66.61193378155048,,,28.62809175531919,27.050797872340468,,0.0,0.0,0,86220,5.266398768858841,0.42391771218464136,Baião,Pará
673,2434,2025-11-01,,,,1,3,6,47.1158447265625,9.379690317007212,,,28.888626163563856,28.62809175531919,,0.0,0.0,0,86220,5.266398768858841,0.42391771218464136,Baião,Pará
674,2434,2025-12-01,,,,1,1,5,76.25351656400241,47.1158447265625,,,29.068168218085134,28.888626163563856,,22.00235689603366,0.17993683510638903,0,86220,5.266398768858841,0.42391771218464136,Baião,Pará
675,2436,2025-07-01,,,,4,1,6,216.15372721354166,349.674072265625,,,26.526595052083337,26.205078125,,0.0,0.0,0,79239,5.263769083092946,0.4341276490814591,Barcarena,Pará
676,2436,2025-09-01,,,,1,4,1,254.3721923828125,216.15372721354166,,,26.609244791666697,26.526595052083337,,0.0,0.0,0,79239,5.263769083092946,0.4341276490814591,Barcarena,Pará
677,2436,2025-12-01,,,,1,1,1,46.326934814453125,254.3721923828125,,,27.624869791666697,26.609244791666697,,0.0,0.0,0,79239,5.263769083092946,0.4341276490814591,Barcarena,Pará
678,2438,2025-09-01,,,,1,1,1,134.91486612955728,189.1611531575521,,,26.191316598360686,26.51527920081969,,0.0,0.0,0,35214,6.91815432816905,0.23779269948314655,Belterra,Pará
679,2438,2025-11-01,,,,2,1,1,34.683372497558594,134.91486612955728,,,28.736878842213116,26.191316598360686,,0.0,0.0,1,35214,6.91815432816905,0.23779269948314655,Belterra,Pará
680,2438,2025-12-01,,,,1,2,1,95.3494873046875,34.683372497558594,,,28.4210169057377,28.736878842213116,,0.0,0.0,0,35214,6.91815432816905,0.23779269948314655,Belterra,Pará
681,2446,2025-03-01,,,,64,101,1,380.165859375,195.4515234375,,,25.079347153465392,25.511045792079244,,0.0,0.0,0,90587,11.705416336242726,0.35738952230806,Breves,Pará
682,2446,2025-04-01,,,,32,64,10,306.31796875,380.165859375,,,25.143471534653486,25.079347153465392,,0.0,0.0,0,90587,11.705416336242726,0.35738952230806,Breves,Pará
683,2446,2025-05-01,,,,84,32,120,259.60376953125,306.31796875,,,25.84299969059407,25.143471534653486,,0.0,0.0,0,90587,11.705416336242726,0.35738952230806,Breves,Pará
684,2446,2025-06-01,,,,73,84,101,241.8724609375,259.60376953125,,,26.270327970297046,25.84299969059407,,0.0,0.0,0,90587,11.705416336242726,0.35738952230806,Breves,Pará
685,2446,2025-07-01,,,,71,73,64,244.42607421875,241.8724609375,,,26.040323329207922,26.270327970297046,,0.0,0.0,0,90587,11.705416336242726,0.35738952230806,Breves,Pará
686,2446,2025-08-01,,,,73,71,32,189.34951171875,244.42607421875,,,26.07346844059407,26.040323329207922,,0.0,0.0,0,90587,11.705416336242726,0.35738952230806,Breves,Pará
687,2446,2025-09-01,,,,77,73,84,119.455068359375,189.34951171875,,,26.224961324257436,26.07346844059407,,-64.60729492187501,-1.1220993193069262,0,90587,11.705416336242726,0.35738952230806,Breves,Pará
688,2446,2025-10-01,,,,70,77,73,63.185927734375,119.455068359375,,,27.32845761138617,26.224961324257436,,0.0,0.0,0,90587,11.705416336242726,0.35738952230806,Breves,Pará
689,2446,2025-11-01,,,,67,70,71,86.285927734375,63.185927734375,,,27.567435024752513,27.32845761138617,,0.0,0.0,0,90587,11.705416336242726,0.35738952230806,Breves,Pará
690,2446,2025-12-01,,,,51,67,73,111.799765625,86.285927734375,,,28.08920946782183,27.567435024752513,,-23.049252929687498,0.19707224628712083,0,90587,11.705416336242726,0.35738952230806,Breves,Pará
691,2449,2025-06-01,,,,24,19,1,318.9619384765625,408.873583984375,,,26.1992647058824,25.723391544117646,,0.0,0.0,1,76051,13.700122071467852,0.35014020185663697,Cachoeira do Piriá,Pará
692,2449,2025-07-01,,,,17,24,13,209.4732666015625,318.9619384765625,,,25.88153722426472,26.1992647058824,,0.0,0.0,0,76051,13.700122071467852,0.35014020185663697,Cachoeira do Piriá,Pará
693,2449,2025-08-01,,,,17,17,15,148.342626953125,209.4732666015625,,,25.82489659926472,25.88153722426472,,0.0,0.0,0,76051,13.700122071467852,0.35014020185663697,Cachoeira do Piriá,Pará
694,2449,2025-09-01,,,,19,17,19,115.61209716796876,148.342626953125,,,26.119071691176487,25.82489659926472,,0.0,0.0,0,76051,13.700122071467852,0.35014020185663697,Cachoeira do Piriá,Pará
695,2449,2025-10-01,,,,14,19,24,13.811024475097657,115.61209716796876,,,27.33288143382356,26.119071691176487,,0.0,0.0,0,76051,13.700122071467852,0.35014020185663697,Cachoeira do Piriá,Pará
696,2449,2025-11-01,,,,20,14,17,20.708836364746094,13.811024475097657,,,27.69202665441179,27.33288143382356,,0.0,0.0,0,76051,13.700122071467852,0.35014020185663697,Cachoeira do Piriá,Pará
697,2449,2025-12-01,,,,15,20,17,13.932633972167968,20.708836364746094,,,27.93409926470588,27.69202665441179,,0.0,0.0,0,76051,13.700122071467852,0.35014020185663697,Cachoeira do Piriá,Pará
698,2450,2025-04-01,,,,8,11,5,416.49677734375,469.830810546875,,,25.605120354729763,25.389326435810858,,0.0,0.0,0,56675,14.620210205767968,0.48438518281568455,Cametá,Pará
699,2450,2025-05-01,,,,9,8,55,364.6843017578125,416.49677734375,,,26.306952069256795,25.605120354729763,,0.0,0.0,0,56675,14.620210205767968,0.48438518281568455,Cametá,Pará
700,2450,2025-06-01,,,,21,9,38,205.039111328125,364.6843017578125,,,26.748358319256795,26.306952069256795,,0.0,0.0,0,56675,14.620210205767968,0.48438518281568455,Cametá,Pará
701,2450,2025-07-01,,,,15,21,11,204.149462890625,205.039111328125,,,26.381777871621637,26.748358319256795,,0.0,0.0,0,56675,14.620210205767968,0.48438518281568455,Cametá,Pará
702,2450,2025-08-01,,,,13,15,8,181.9097900390625,204.149462890625,,,26.638085937500023,26.381777871621637,,0.0,0.0,0,56675,14.620210205767968,0.48438518281568455,Cametá,Pará
703,2450,2025-09-01,,,,5,13,9,133.81451416015625,181.9097900390625,,,26.854698057432472,26.638085937500023,,0.0,0.0,0,56675,14.620210205767968,0.48438518281568455,Cametá,Pará
704,2450,2025-10-01,,,,3,5,21,18.53138427734375,133.81451416015625,,,28.236692356418928,26.854698057432472,,0.0,0.0,0,56675,14.620210205767968,0.48438518281568455,Cametá,Pará
705,2450,2025-11-01,,,,2,3,15,49.24869079589844,18.53138427734375,,,28.398326646959504,28.236692356418928,,0.0,0.0,0,56675,14.620210205767968,0.48438518281568455,Cametá,Pará
706,2450,2025-12-01,,,,1,2,13,70.47489013671876,49.24869079589844,,,28.559987331081118,28.398326646959504,,-20.812652587890625,0.16951277449322788,0,56675,14.620210205767968,0.48438518281568455,Cametá,Pará
707,2455,2025-03-01,,,,12,7,1,425.78858996975805,242.0003465221774,,,25.07703043619796,25.49164225260421,,0.0,0.0,0,68072,16.24140033009366,0.22047122734636668,Chaves,Pará
708,2455,2025-04-01,,,,9,12,1,401.02208291330646,425.78858996975805,,,25.230432128906273,25.07703043619796,,0.0,0.0,0,68072,16.24140033009366,0.22047122734636668,Chaves,Pará
709,2455,2025-05-01,,,,5,9,15,326.95624369959677,401.02208291330646,,,25.777307128906273,25.230432128906273,,0.0,0.0,0,68072,16.24140033009366,0.22047122734636668,Chaves,Pará
710,2455,2025-06-01,,,,8,5,7,276.9248991935484,326.95624369959677,,,26.18982340494796,25.777307128906273,,0.0,0.0,0,68072,16.24140033009366,0.22047122734636668,Chaves,Pará
711,2455,2025-07-01,,,,21,8,12,268.8376701108871,276.9248991935484,,,26.254296875000023,26.18982340494796,,0.0,0.0,1,68072,16.24140033009366,0.22047122734636668,Chaves,Pará
712,2455,2025-08-01,,,,24,21,9,221.1021925403226,268.8376701108871,,,26.291772460937523,26.254296875000023,,-68.53506568170363,-0.7185567220052178,1,68072,16.24140033009366,0.22047122734636668,Chaves,Pará
713,2455,2025-09-01,,,,10,24,5,94.48113816784274,221.1021925403226,,,26.600630696614587,26.291772460937523,,0.0,0.0,0,68072,16.24140033009366,0.22047122734636668,Chaves,Pará
714,2455,2025-10-01,,,,6,10,8,29.13448210685484,94.48113816784274,,,27.615869140625023,26.600630696614587,,0.0,0.0,0,68072,16.24140033009366,0.22047122734636668,Chaves,Pará
715,2455,2025-11-01,,,,3,6,21,15.564771098475303,29.13448210685484,,,27.917525227864587,27.615869140625023,,0.0,0.0,0,68072,16.24140033009366,0.22047122734636668,Chaves,Pará
716,2455,2025-12-01,,,,3,3,24,64.33927277595767,15.564771098475303,,,27.904402669270837,27.917525227864587,,-75.76572738155242,0.10862223307290719,0,68072,16.24140033009366,0.22047122734636668,Chaves,Pará
717,2459,2025-04-01,,,,7,4,1,281.63054265202703,308.1938608530405,,,24.822953464673958,24.745316745923958,,0.0,0.0,0,37959,5.088055363715892,0.269130661033262,Cumaru do Norte,Pará
718,2459,2025-05-01,,,,8,7,12,144.36638249577703,281.63054265202703,,,25.33524541440221,24.822953464673958,,0.0,0.0,0,37959,5.088055363715892,0.269130661033262,Cumaru do Norte,Pará
719,2459,2025-07-01,,,,3,8,16,14.7064208984375,144.36638249577703,,,25.819747792119585,25.33524541440221,,0.0,0.0,0,37959,5.088055363715892,0.269130661033262,Cumaru do Norte,Pará
720,2459,2025-10-01,,,,1,3,4,2.647885090595967,14.7064208984375,,,26.72260105298915,25.819747792119585,,0.0,0.0,0,37959,5.088055363715892,0.269130661033262,Cumaru do Norte,Pará
721,2459,2025-11-01,,,,1,1,7,153.62573902027026,2.647885090595967,,,26.992450747282646,26.72260105298915,,0.0,0.0,0,37959,5.088055363715892,0.269130661033262,Cumaru do Norte,Pará
722,2459,2025-12-01,,,,1,1,8,187.43563925253378,153.62573902027026,,,26.057753057065213,26.992450747282646,,36.97221415751687,-0.21457837975543725,0,37959,5.088055363715892,0.269130661033262,Cumaru do Norte,Pará
723,2461,2025-04-01,,,,6,16,1,366.9298502604167,387.406494140625,,,25.103499348958337,25.082883029513937,,0.0,0.0,0,28256,16.07948433984143,0.2959329518374124,Curralinho,Pará
724,2461,2025-05-01,,,,14,6,16,299.1675618489583,366.9298502604167,,,25.91035698784725,25.103499348958337,,0.0,0.0,0,28256,16.07948433984143,0.2959329518374124,Curralinho,Pará
725,2461,2025-06-01,,,,2,14,9,191.7389119466146,299.1675618489583,,,26.38594292534725,25.91035698784725,,0.0,0.0,0,28256,16.07948433984143,0.2959329518374124,Curralinho,Pará
726,2461,2025-07-01,,,,12,2,16,254.0716349283854,191.7389119466146,,,26.162988281250023,26.38594292534725,,0.0,0.0,0,28256,16.07948433984143,0.2959329518374124,Curralinho,Pará
727,2461,2025-08-01,,,,9,12,6,210.21870930989584,254.0716349283854,,,26.295393880208337,26.162988281250023,,0.0,0.0,0,28256,16.07948433984143,0.2959329518374124,Curralinho,Pará
728,2461,2025-09-01,,,,6,9,14,130.11079915364584,210.21870930989584,,,26.42744683159725,26.295393880208337,,0.0,0.0,0,28256,16.07948433984143,0.2959329518374124,Curralinho,Pará
729,2461,2025-10-01,,,,6,6,2,21.846583048502605,130.11079915364584,,,27.79338650173611,26.42744683159725,,0.0,0.0,0,28256,16.07948433984143,0.2959329518374124,Curralinho,Pará
730,2461,2025-11-01,,,,4,6,12,67.09262084960938,21.846583048502605,,,27.857052951388937,27.79338650173611,,0.0,0.0,0,28256,16.07948433984143,0.2959329518374124,Curralinho,Pará
731,2461,2025-12-01,,,,7,4,9,62.950225830078125,67.09262084960938,,,28.219574652777794,27.857052951388937,,-24.773101806640625,0.1824137369791572,0,28256,16.07948433984143,0.2959329518374124,Curralinho,Pará
732,2466,2025-08-01,,,,3,2,2,162.1436434659091,175.40735973011363,,,25.581302083333355,25.303411458333358,,0.0,0.0,0,68007,15.376037210724611,0.23085236112214813,Faro,Pará
733,2466,2025-09-01,,,,2,3,1,91.84401633522727,162.1436434659091,,,26.579322916666683,25.581302083333355,,0.0,0.0,0,68007,15.376037210724611,0.23085236112214813,Faro,Pará
734,2466,2025-11-01,,,,3,2,6,39.313724402225375,91.84401633522727,,,29.351302083333337,26.579322916666683,,0.0,0.0,0,68007,15.376037210724611,0.23085236112214813,Faro,Pará
735,2470,2025-04-01,,,,1,1,3,284.0355808423913,373.83640455163044,,,25.194082446808522,25.107854055851078,,0.0,0.0,0,37218,2.7391514887777717,0.3718431703946975,Gurupá,Pará
736,2470,2025-08-01,,,,1,1,3,265.00518002717394,284.0355808423913,,,25.916967253989412,25.194082446808522,,0.0,0.0,0,37218,2.7391514887777717,0.3718431703946975,Gurupá,Pará
737,2470,2025-09-01,,,,1,1,2,109.52800186820652,265.00518002717394,,,26.640890957446857,25.916967253989412,,0.0,0.0,0,37218,2.7391514887777717,0.3718431703946975,Gurupá,Pará
738,2470,2025-10-01,,,,1,1,1,56.49011761209239,109.52800186820652,,,27.788476562500023,26.640890957446857,,0.0,0.0,0,37218,2.7391514887777717,0.3718431703946975,Gurupá,Pará
739,2476,2024-11-01,,,,3,1,2,154.1826171875,154.1826171875,,,29.953233097484315,28.963182979559747,,-10.425843253968253,0.10834316037735903,0,3496,18.7591208351904,0.2647996064426139,Itaituba,Pará
740,2476,2024-12-01,,,,48,3,1,154.1826171875,154.1826171875,,,26.96055424528305,29.953233097484315,,-54.89193483382937,0.1931996855345801,0,3496,18.7591208351904,0.2647996064426139,Itaituba,Pará
741,2476,2025-01-01,,,,624,48,1,154.1826171875,154.1826171875,,,25.825776336477986,26.96055424528305,,0.0,0.0,0,3496,18.7591208351904,0.2647996064426139,Itaituba,Pará
742,2476,2025-02-01,,,,487,624,1,349.0366443452381,154.1826171875,,,24.997282822327065,25.825776336477986,,0.0,0.0,0,3496,18.7591208351904,0.2647996064426139,Itaituba,Pará
743,2476,2025-03-01,,,,474,487,3,361.47743055555554,349.0366443452381,,,25.113143671383682,24.997282822327065,,0.0,0.0,0,3496,18.7591208351904,0.2647996064426139,Itaituba,Pará
744,2476,2025-04-01,,,,323,474,48,397.67426215277777,361.47743055555554,,,25.16195951257862,25.113143671383682,,0.0,0.0,0,3496,18.7591208351904,0.2647996064426139,Itaituba,Pará
745,2476,2025-05-01,,,,333,323,624,171.90308779761904,397.67426215277777,,,26.047720125786213,25.16195951257862,,-11.387191530257923,-0.2393008058176065,0,3496,18.7591208351904,0.2647996064426139,Itaituba,Pará
746,2476,2025-06-01,,,,316,333,487,131.40823412698413,171.90308779761904,,,26.444953812893118,26.047720125786213,,0.0,0.0,0,3496,18.7591208351904,0.2647996064426139,Itaituba,Pará
747,2476,2025-07-01,,,,266,316,474,67.07774522569444,131.40823412698413,,,26.86115369496855,26.444953812893118,,-64.46478852771578,-0.4459758254717201,0,3496,18.7591208351904,0.2647996064426139,Itaituba,Pará
748,2476,2025-08-01,,,,464,266,323,25.253040132068453,67.07774522569444,,,27.500894261006295,26.86115369496855,,-43.23612661210318,-0.5297759433962028,0,3496,18.7591208351904,0.2647996064426139,Itaituba,Pará
749,2476,2025-09-01,,,,510,464,333,67.71036396329364,25.253040132068453,,,27.90363109276734,27.500894261006295,,-8.860235305059518,-0.8095027515723245,0,3496,18.7591208351904,0.2647996064426139,Itaituba,Pará
750,2476,2025-10-01,,,,688,510,316,136.46214657738096,67.71036396329364,,,28.334227594339666,27.90363109276734,,0.0,0.0,1,3496,18.7591208351904,0.2647996064426139,Itaituba,Pará
751,2476,2025-11-01,,,,668,688,266,127.73851376488095,136.46214657738096,,,26.501631289308193,28.334227594339666,,10.425843253968253,-0.10834316037735903,1,3496,18.7591208351904,0.2647996064426139,Itaituba,Pará
752,2476,2025-12-01,,,,587,668,464,175.0343036954365,127.73851376488095,,,26.74386792452833,26.501631289308193,,54.89193483382937,-0.1931996855345801,0,3496,18.7591208351904,0.2647996064426139,Itaituba,Pará
753,2478,2025-01-01,,,,1514,61,2,216.8082051179847,216.8082051179847,,,25.568873031496082,27.81810408464571,,76.72368761957904,-0.30953186515748143,0,38343,4.119653280198441,0.39352243705987944,Jacareacanga,Pará
754,2478,2025-02-01,,,,996,1514,1,370.25558035714283,216.8082051179847,,,24.83326771653543,25.568873031496082,,0.0,0.0,0,38343,4.119653280198441,0.39352243705987944,Jacareacanga,Pará
755,2478,2025-03-01,,,,970,996,1,366.42143654336735,370.25558035714283,,,25.06988804133863,24.83326771653543,,0.0,0.0,0,38343,4.119653280198441,0.39352243705987944,Jacareacanga,Pará
756,2478,2025-04-01,,,,944,970,61,417.777662627551,366.42143654336735,,,25.316719980314986,25.06988804133863,,19.680479711415813,0.011903297244117539,0,38343,4.119653280198441,0.39352243705987944,Jacareacanga,Pará
757,2478,2025-05-01,,,,1023,944,1514,256.1691645408163,417.777662627551,,,26.02898006889768,25.316719980314986,,0.0,0.0,0,38343,4.119653280198441,0.39352243705987944,Jacareacanga,Pará
758,2478,2025-06-01,,,,1138,1023,996,119.86208545918367,256.1691645408163,,,26.301833169291342,26.02898006889768,,0.0,0.0,0,38343,4.119653280198441,0.39352243705987944,Jacareacanga,Pará
759,2478,2025-07-01,,,,907,1138,970,33.749720982142854,119.86208545918367,,,27.064997539370097,26.301833169291342,,0.0,0.0,0,38343,4.119653280198441,0.39352243705987944,Jacareacanga,Pará
760,2478,2025-08-01,,,,1483,907,944,7.731805295360331,33.749720982142854,,,27.67535679133863,27.064997539370097,,0.0,0.0,0,38343,4.119653280198441,0.39352243705987944,Jacareacanga,Pará
761,2478,2025-09-01,,,,1681,1483,1023,61.00077228156888,7.731805295360331,,,28.17523375984257,27.67535679133863,,0.0,0.0,1,38343,4.119653280198441,0.39352243705987944,Jacareacanga,Pará
762,2478,2025-10-01,,,,1664,1681,1138,192.3170838647959,61.00077228156888,,,27.77495078740162,28.17523375984257,,-4.634023238201536,-0.8459799458661621,1,38343,4.119653280198441,0.39352243705987944,Jacareacanga,Pará
763,2478,2025-11-01,,,,1331,1664,907,207.54015864158163,192.3170838647959,,,26.126144192913387,27.77495078740162,,0.0,0.0,0,38343,4.119653280198441,0.39352243705987944,Jacareacanga,Pará
764,2478,2025-12-01,,,,1229,1331,1483,226.07625159438774,207.54015864158163,,,26.32357898622047,26.126144192913387,,72.57393474968109,-0.13471948818897772,0,38343,4.119653280198441,0.39352243705987944,Jacareacanga,Pará
765,2480,2025-10-01,,,,1,1,1,19.11936767578125,131.722568359375,,,29.254646381578993,26.65172697368422,,0.0,0.0,0,69432,11.466389786362676,0.379896330290848,Juruti,Pará
766,2480,2025-11-01,,,,1,1,1,63.7847705078125,19.11936767578125,,,28.36533717105266,29.254646381578993,,0.0,0.0,0,69432,11.466389786362676,0.379896330290848,Juruti,Pará
767,2480,2025-12-01,,,,1,1,1,92.80587890625,63.7847705078125,,,28.392968750000023,28.36533717105266,,0.0,0.0,0,69432,11.466389786362676,0.379896330290848,Juruti,Pará
768,2481,2025-04-01,,,,1,5,2,399.57962472098217,419.126953125,,,25.587060546875023,25.447900390625023,,0.0,0.0,0,99998,2.034190388295491,0.27565800111540856,Limoeiro do Ajuru,Pará
769,2481,2025-06-01,,,,3,1,5,330.7247837611607,399.57962472098217,,,26.365869140625023,25.587060546875023,,0.0,0.0,0,99998,2.034190388295491,0.27565800111540856,Limoeiro do Ajuru,Pará
770,2481,2025-07-01,,,,1,3,2,229.23263113839286,330.7247837611607,,,26.61542154947921,26.365869140625023,,0.0,0.0,0,99998,2.034190388295491,0.27565800111540856,Limoeiro do Ajuru,Pará
771,2481,2025-08-01,,,,3,1,5,230.5751953125,229.23263113839286,,,26.83624674479171,26.61542154947921,,0.0,0.0,0,99998,2.034190388295491,0.27565800111540856,Limoeiro do Ajuru,Pará
772,2481,2025-09-01,,,,8,3,1,133.86104038783483,230.5751953125,,,26.969384765625023,26.83624674479171,,0.0,0.0,1,99998,2.034190388295491,0.27565800111540856,Limoeiro do Ajuru,Pará
773,2481,2025-10-01,,,,6,8,3,26.111101422991073,133.86104038783483,,,28.133772786458337,26.969384765625023,,0.0,0.0,1,99998,2.034190388295491,0.27565800111540856,Limoeiro do Ajuru,Pará
774,2481,2025-11-01,,,,4,6,1,51.593270438058035,26.111101422991073,,,28.30768229166671,28.133772786458337,,0.0,0.0,0,99998,2.034190388295491,0.27565800111540856,Limoeiro do Ajuru,Pará
775,2481,2025-12-01,,,,4,4,3,85.66685267857143,51.593270438058035,,,28.421126302083337,28.30768229166671,,-49.2420654296875,0.08280436197915719,0,99998,2.034190388295491,0.27565800111540856,Limoeiro do Ajuru,Pará
776,2487,2025-09-01,,,,1,1,1,226.69189453125,352.6258850097656,,,26.538720703125023,26.072412109375023,,0.0,0.0,0,88095,16.13872139278609,0.26479658531781486,Marituba,Pará
777,2487,2025-10-01,,,,1,1,1,59.398681640625,226.69189453125,,,27.341455078125023,26.538720703125023,,0.0,0.0,0,88095,16.13872139278609,0.26479658531781486,Marituba,Pará
778,2487,2025-12-01,,,,1,1,1,100.83856964111328,59.398681640625,,,27.632714843750023,27.341455078125023,,0.0,0.0,0,88095,16.13872139278609,0.26479658531781486,Marituba,Pará
779,2490,2025-06-01,,,,1,2,1,382.3744419642857,410.9424525669643,,,26.278865131578982,25.623797286184242,,0.0,0.0,0,99262,18.84883418842961,0.33538093277004594,Mocajuba,Pará
780,2490,2025-07-01,,,,1,1,2,182.97052873883928,382.3744419642857,,,26.250853207236844,26.278865131578982,,0.0,0.0,0,99262,18.84883418842961,0.33538093277004594,Mocajuba,Pará
781,2490,2025-08-01,,,,1,1,1,132.12384033203125,182.97052873883928,,,26.52608963815794,26.250853207236844,,0.0,0.0,0,99262,18.84883418842961,0.33538093277004594,Mocajuba,Pará
782,2490,2025-09-01,,,,1,1,2,121.46372767857143,132.12384033203125,,,26.844706003289502,26.52608963815794,,0.0,0.0,0,99262,18.84883418842961,0.33538093277004594,Mocajuba,Pará
783,2490,2025-10-01,,,,1,1,1,17.96635001046317,121.46372767857143,,,28.307031250000023,26.844706003289502,,0.0,0.0,0,99262,18.84883418842961,0.33538093277004594,Mocajuba,Pará
784,2490,2025-12-01,,,,3,1,1,59.138357979910715,17.96635001046317,,,28.456445312500023,28.307031250000023,,0.0,0.0,1,99262,18.84883418842961,0.33538093277004594,Mocajuba,Pará
785,2491,2025-07-01,,,,1,1,1,174.11748798076923,402.4539137620192,,,26.110979729729763,25.600175957207227,,0.0,0.0,0,45919,15.81105573730376,0.4146436524611581,Moju,Pará
786,2494,2025-04-01,,,,2,1,1,422.8418666294643,421.1773158482143,,,25.066552734375023,24.976660156250034,,0.0,0.0,0,72271,7.568662583067584,0.3663880953815668,Muaná,Pará
787,2494,2025-05-01,,,,3,2,8,331.82010323660717,422.8418666294643,,,25.786718750000034,25.066552734375023,,0.0,0.0,0,72271,7.568662583067584,0.3663880953815668,Muaná,Pará
788,2494,2025-06-01,,,,1,3,2,255.96201869419642,331.82010323660717,,,26.372314453125,25.786718750000034,,0.0,0.0,0,72271,7.568662583067584,0.3663880953815668,Muaná,Pará
789,2494,2025-07-01,,,,3,1,1,260.47562081473217,255.96201869419642,,,26.27937011718751,26.372314453125,,0.0,0.0,0,72271,7.568662583067584,0.3663880953815668,Muaná,Pará
790,2494,2025-08-01,,,,5,3,2,282.03928920200894,260.47562081473217,,,26.37714843750001,26.27937011718751,,0.0,0.0,1,72271,7.568662583067584,0.3663880953815668,Muaná,Pará
791,2494,2025-09-01,,,,1,5,3,132.42290387834822,282.03928920200894,,,26.595068359375034,26.37714843750001,,0.0,0.0,0,72271,7.568662583067584,0.3663880953815668,Muaná,Pará
792,2494,2025-10-01,,,,2,1,1,38.810660226004465,132.42290387834822,,,27.948779296875045,26.595068359375034,,0.0,0.0,0,72271,7.568662583067584,0.3663880953815668,Muaná,Pará
793,2494,2025-11-01,,,,3,2,3,60.68098667689732,38.810660226004465,,,28.159472656250045,27.948779296875045,,0.0,0.0,0,72271,7.568662583067584,0.3663880953815668,Muaná,Pará
794,2498,2025-05-01,,,,5,5,16,189.0159826144366,434.8461707746479,,,25.36308333333335,24.70016666666669,,0.0,0.0,0,79494,1.7451264601343532,0.389993266953527,Novo Progresso,Pará
795,2498,2025-06-01,,,,11,5,12,53.872861190580984,189.0159826144366,,,25.983875000000012,25.36308333333335,,0.0,0.0,0,79494,1.7451264601343532,0.389993266953527,Novo Progresso,Pará
796,2498,2025-07-01,,,,14,11,8,10.680837711817782,53.872861190580984,,,26.94100000000003,25.983875000000012,,0.0,0.0,0,79494,1.7451264601343532,0.389993266953527,Novo Progresso,Pará
797,2498,2025-08-01,,,,7,14,5,3.089696320009903,10.680837711817782,,,27.243854166666665,26.94100000000003,,0.0,0.0,0,79494,1.7451264601343532,0.389993266953527,Novo Progresso,Pará
798,2498,2025-09-01,,,,15,7,5,20.441959864656692,3.089696320009903,,,28.16529166666669,27.243854166666665,,0.0,0.0,0,79494,1.7451264601343532,0.389993266953527,Novo Progresso,Pará
799,2498,2025-10-01,,,,20,15,11,146.7063985475352,20.441959864656692,,,27.870875000000012,28.16529166666669,,0.0,0.0,1,79494,1.7451264601343532,0.389993266953527,Novo Progresso,Pará
800,2498,2025-11-01,,,,5,20,14,157.82977552816902,146.7063985475352,,,26.15195833333337,27.870875000000012,,0.0,0.0,0,79494,1.7451264601343532,0.389993266953527,Novo Progresso,Pará
801,2498,2025-12-01,,,,14,5,7,251.78697183098592,157.82977552816902,,,25.88233333333335,26.15195833333337,,0.0,0.0,0,79494,1.7451264601343532,0.389993266953527,Novo Progresso,Pará
802,2499,2025-11-01,,,,3,1,1,39.700511259191174,10.468518425436582,,,28.49176950636945,28.299940286624235,,0.0,0.0,1,11711,2.487594040880361,0.381139282493736,Novo Repartimento,Pará
803,2501,2025-03-01,,,,186,266,1,502.48520132211536,390.2772686298077,,,25.33349808673472,25.633960459183697,,0.0,0.0,0,57121,10.821801541501554,0.39158361541564357,Oeiras do Pará,Pará
804,2501,2025-04-01,,,,138,186,60,420.3752253605769,502.48520132211536,,,25.50218431122454,25.33349808673472,,0.0,0.0,0,57121,10.821801541501554,0.39158361541564357,Oeiras do Pará,Pará
805,2501,2025-05-01,,,,176,138,581,356.4548152043269,420.3752253605769,,,26.252742346938817,25.50218431122454,,0.0,0.0,0,57121,10.821801541501554,0.39158361541564357,Oeiras do Pará,Pará
806,2501,2025-06-01,,,,289,176,266,190.8602576622596,356.4548152043269,,,26.62933673469388,26.252742346938817,,0.0,0.0,1,57121,10.821801541501554,0.39158361541564357,Oeiras do Pará,Pará
807,2501,2025-07-01,,,,244,289,186,189.69797926682693,190.8602576622596,,,26.232732780612253,26.62933673469388,,0.0,0.0,0,57121,10.821801541501554,0.39158361541564357,Oeiras do Pará,Pará
808,2501,2025-08-01,,,,209,244,138,146.49260066105768,189.69797926682693,,,26.5185267857143,26.232732780612253,,0.0,0.0,0,57121,10.821801541501554,0.39158361541564357,Oeiras do Pará,Pará
809,2501,2025-09-01,,,,110,209,176,119.69115271935097,146.49260066105768,,,26.763066007653094,26.5185267857143,,0.0,0.0,0,57121,10.821801541501554,0.39158361541564357,Oeiras do Pará,Pará
810,2501,2025-10-01,,,,74,110,289,13.136649498572716,119.69115271935097,,,28.18135363520412,26.763066007653094,,0.0,0.0,0,57121,10.821801541501554,0.39158361541564357,Oeiras do Pará,Pará
811,2501,2025-11-01,,,,51,74,244,38.67829308143029,13.136649498572716,,,28.43416374362249,28.18135363520412,,0.0,0.0,0,57121,10.821801541501554,0.39158361541564357,Oeiras do Pará,Pará
812,2501,2025-12-01,,,,18,51,209,55.52325439453125,38.67829308143029,,,28.692155612244903,28.43416374362249,,-6.457242525540863,0.1648596938775313,0,57121,10.821801541501554,0.39158361541564357,Oeiras do Pará,Pará
813,2502,2025-04-01,,,,15,17,1,506.78348214285717,341.0857142857143,,,24.93128834355832,24.67917944785279,,0.0,0.0,0,50618,16.40416810318913,0.2807675106765679,Oriximiná,Pará
814,2502,2025-05-01,,,,13,15,25,264.29821428571427,506.78348214285717,,,25.087698108384473,24.93128834355832,,0.0,0.0,0,50618,16.40416810318913,0.2807675106765679,Oriximiná,Pará
815,2502,2025-06-01,,,,11,13,17,339.8487053571429,264.29821428571427,,,24.984010736196353,25.087698108384473,,0.0,0.0,0,50618,16.40416810318913,0.2807675106765679,Oriximiná,Pará
816,2502,2025-07-01,,,,9,11,17,224.67629464285713,339.8487053571429,,,24.849808282208585,24.984010736196353,,0.0,0.0,0,50618,16.40416810318913,0.2807675106765679,Oriximiná,Pará
817,2502,2025-08-01,,,,7,9,15,178.30450892857144,224.67629464285713,,,24.966053169734153,24.849808282208585,,0.0,0.0,0,50618,16.40416810318913,0.2807675106765679,Oriximiná,Pará
818,2502,2025-09-01,,,,12,7,13,134.87808035714286,178.30450892857144,,,25.717970347648304,24.966053169734153,,0.0,0.0,0,50618,16.40416810318913,0.2807675106765679,Oriximiná,Pará
819,2502,2025-10-01,,,,7,12,11,37.32824776785714,134.87808035714286,,,28.282962678936656,25.717970347648304,,0.0,0.0,0,50618,16.40416810318913,0.2807675106765679,Oriximiná,Pará
820,2502,2025-11-01,,,,15,7,9,50.371551339285716,37.32824776785714,,,28.112781186094082,28.282962678936656,,0.0,0.0,0,50618,16.40416810318913,0.2807675106765679,Oriximiná,Pará
821,2502,2025-12-01,,,,7,15,7,75.80227678571428,50.371551339285716,,,27.63799207566467,28.112781186094082,,-35.13861049107143,-0.43912960122699474,0,50618,16.40416810318913,0.2807675106765679,Oriximiná,Pará
822,2504,2025-04-01,,,,3,5,2,298.83208705357146,340.4587332589286,,,24.771084164110448,24.594679831288374,,0.0,0.0,0,68752,8.669986926221638,0.4562662684666786,Ourilândia do Norte,Pará
823,2504,2025-05-01,,,,4,3,9,167.12202845982142,298.83208705357146,,,25.418970475460128,24.771084164110448,,0.0,0.0,0,68752,8.669986926221638,0.4562662684666786,Ourilândia do Norte,Pará
824,2504,2025-06-01,,,,1,4,6,31.017086356026784,167.12202845982142,,,25.97912193251534,25.418970475460128,,0.0,0.0,0,68752,8.669986926221638,0.4562662684666786,Ourilândia do Norte,Pará
825,2504,2025-07-01,,,,1,1,5,11.011809430803572,31.017086356026784,,,26.405502300613534,25.97912193251534,,0.0,0.0,0,68752,8.669986926221638,0.4562662684666786,Ourilândia do Norte,Pará
826,2504,2025-08-01,,,,2,1,3,4.713686697823661,11.011809430803572,,,27.07277607361965,26.405502300613534,,0.0,0.0,0,68752,8.669986926221638,0.4562662684666786,Ourilândia do Norte,Pará
827,2504,2025-09-01,,,,1,2,4,17.15483921595982,4.713686697823661,,,28.346261503067524,27.07277607361965,,0.0,0.0,0,68752,8.669986926221638,0.4562662684666786,Ourilândia do Norte,Pará
828,2504,2025-12-01,,,,1,1,1,67.08508649553572,17.15483921595982,,,28.28074194785279,28.346261503067524,,69.69819335937498,-0.20715107361962737,0,68752,8.669986926221638,0.4562662684666786,Ourilândia do Norte,Pará
829,2505,2025-06-01,,,,1,3,2,162.38544291834677,291.4422568044355,,,26.26471354166671,26.152734375000023,,0.0,0.0,0,3581,10.01638265609981,0.505878713343922,Pacajá,Pará
830,2505,2025-07-01,,,,6,1,2,99.41978011592742,162.38544291834677,,,26.038387784090958,26.26471354166671,,0.0,0.0,1,3581,10.01638265609981,0.505878713343922,Pacajá,Pará
831,2505,2025-08-01,,,,3,6,1,33.397240423387096,99.41978011592742,,,26.838873106060646,26.038387784090958,,0.0,0.0,0,3581,10.01638265609981,0.505878713343922,Pacajá,Pará
832,2505,2025-09-01,,,,1,3,3,85.93766538558468,33.397240423387096,,,27.251278409090958,26.838873106060646,,0.0,0.0,0,3581,10.01638265609981,0.505878713343922,Pacajá,Pará
833,2505,2025-11-01,,,,2,1,1,12.241431451612904,85.93766538558468,,,28.525248579545462,27.251278409090958,,0.0,0.0,0,3581,10.01638265609981,0.505878713343922,Pacajá,Pará
834,2505,2025-12-01,,,,1,2,6,81.1186287172379,12.241431451612904,,,28.6687440814394,28.525248579545462,,0.0,0.0,0,3581,10.01638265609981,0.505878713343922,Pacajá,Pará
835,2508,2025-04-01,,,,1,4,6,301.7511935763889,317.08062065972223,,,24.44890825320516,24.260306490384664,,0.0,0.0,0,87467,9.44144538750942,0.47636901547253013,Parauapebas,Pará
836,2508,2025-05-01,,,,2,1,18,116.30400933159723,301.7511935763889,,,25.08056891025643,24.44890825320516,,0.0,0.0,0,87467,9.44144538750942,0.47636901547253013,Parauapebas,Pará
837,2508,2025-06-01,,,,1,2,2,72.91947428385417,116.30400933159723,,,25.61086738782052,25.08056891025643,,0.0,0.0,0,87467,9.44144538750942,0.47636901547253013,Parauapebas,Pará
838,2508,2025-12-01,,,,1,1,4,27.407540215386284,72.91947428385417,,,25.869305889423117,25.61086738782052,,0.0,-0.2658128004807736,0,87467,9.44144538750942,0.47636901547253013,Parauapebas,Pará
839,2512,2025-07-01,,,,1,1,1,125.48621961805556,165.20545789930554,,,25.802022058823525,25.807950367647095,,0.0,0.0,0,21779,2.8722477595858633,0.46794993168154536,Placas,Pará
840,2512,2025-12-01,,,,2,1,1,51.88287692599826,125.48621961805556,,,27.04889705882357,25.802022058823525,,0.0,0.0,1,21779,2.8722477595858633,0.46794993168154536,Placas,Pará
841,2514,2025-04-01,,,,4,1,2,335.40561224489795,527.0227200255102,,,25.341528614457843,25.13947038152611,,0.0,0.0,0,6749,9.620654406667486,0.47425332963309447,Portel,Pará
842,2514,2025-05-01,,,,6,4,4,339.980787627551,335.40561224489795,,,26.19161646586349,25.341528614457843,,0.0,0.0,0,6749,9.620654406667486,0.47425332963309447,Portel,Pará
843,2514,2025-06-01,,,,11,6,5,212.6249003507653,339.980787627551,,,26.402083333333337,26.19161646586349,,0.0,0.0,1,6749,9.620654406667486,0.47425332963309447,Portel,Pará
844,2514,2025-07-01,,,,7,11,1,160.64913504464286,212.6249003507653,,,25.961571285140565,26.402083333333337,,0.0,0.0,0,6749,9.620654406667486,0.47425332963309447,Portel,Pará
845,2514,2025-08-01,,,,18,7,4,90.4180683992347,160.64913504464286,,,26.285052710843388,25.961571285140565,,0.0,0.0,1,6749,9.620654406667486,0.47425332963309447,Portel,Pará
846,2514,2025-09-01,,,,5,18,6,98.31717354910714,90.4180683992347,,,26.740436746987996,26.285052710843388,,0.0,0.0,0,6749,9.620654406667486,0.47425332963309447,Portel,Pará
847,2514,2025-10-01,,,,6,5,11,16.685773577008927,98.31717354910714,,,28.229455321285172,26.740436746987996,,0.0,0.0,0,6749,9.620654406667486,0.47425332963309447,Portel,Pará
848,2514,2025-11-01,,,,6,6,7,28.10676419005102,16.685773577008927,,,28.690612449799232,28.229455321285172,,0.0,0.0,0,6749,9.620654406667486,0.47425332963309447,Portel,Pará
849,2514,2025-12-01,,,,3,6,18,61.812131297831634,28.10676419005102,,,28.832115963855472,28.690612449799232,,-3.336385921556115,0.17774221887549402,0,6749,9.620654406667486,0.47425332963309447,Portel,Pará
850,2516,2025-06-01,,,,1,2,1,234.6898681640625,346.01962890625,,,26.04393939393941,25.92883522727277,,0.0,0.0,0,29348,11.16310561853824,0.24526472144341843,Prainha,Pará
851,2516,2025-07-01,,,,1,1,4,210.7453125,234.6898681640625,,,25.56474905303031,26.04393939393941,,0.0,0.0,0,29348,11.16310561853824,0.24526472144341843,Prainha,Pará
852,2516,2025-08-01,,,,3,1,3,118.4617919921875,210.7453125,,,26.016145833333383,25.56474905303031,,0.0,0.0,0,29348,11.16310561853824,0.24526472144341843,Prainha,Pará
853,2516,2025-10-01,,,,1,3,2,83.65266723632813,118.4617919921875,,,26.65984848484851,26.016145833333383,,0.0,0.0,0,29348,11.16310561853824,0.24526472144341843,Prainha,Pará
854,2516,2025-11-01,,,,4,1,1,17.345791625976563,83.65266723632813,,,28.646164772727275,26.65984848484851,,0.0,0.0,0,29348,11.16310561853824,0.24526472144341843,Prainha,Pará
855,2545,2025-07-01,,,,1,2,3,267.83213975694446,417.5435384114583,,,26.142890625000007,25.02462890625003,,0.0,0.0,0,71575,11.053416520960585,0.3531072571040544,São Sebastião da Boa Vista,Pará
856,2545,2025-08-01,,,,3,1,2,258.29844835069446,267.83213975694446,,,26.234511718750014,26.142890625000007,,0.0,0.0,0,71575,11.053416520960585,0.3531072571040544,São Sebastião da Boa Vista,Pará
857,2545,2025-09-01,,,,3,3,2,139.75755479600696,258.29844835069446,,,26.369199218749998,26.234511718750014,,0.0,0.0,0,71575,11.053416520960585,0.3531072571040544,São Sebastião da Boa Vista,Pará
858,2545,2025-10-01,,,,1,3,2,30.082373725043404,139.75755479600696,,,27.760878906250014,26.369199218749998,,0.0,0.0,0,71575,11.053416520960585,0.3531072571040544,São Sebastião da Boa Vista,Pará
859,2545,2025-11-01,,,,2,1,1,66.39267985026042,30.082373725043404,,,27.944570312500048,27.760878906250014,,0.0,0.0,0,71575,11.053416520960585,0.3531072571040544,São Sebastião da Boa Vista,Pará
860,2545,2025-12-01,,,,4,2,3,106.22262912326389,66.39267985026042,,,28.122675781249995,27.944570312500048,,0.0,0.0,1,71575,11.053416520960585,0.3531072571040544,São Sebastião da Boa Vista,Pará
861,2554,2025-05-01,,,,2,1,2,113.49447195870536,376.32432338169644,,,26.192875466417945,25.16914645522388,,0.0,0.0,0,9174,2.5802148179350515,0.28775183726373454,Trairão,Pará
862,2554,2025-07-01,,,,2,2,4,146.6015625,113.49447195870536,,,26.471735074626906,26.192875466417945,,0.0,0.0,0,9174,2.5802148179350515,0.28775183726373454,Trairão,Pará
863,2554,2025-09-01,,,,1,2,2,34.31769234793527,146.6015625,,,27.49106226679106,26.471735074626906,,0.0,0.0,0,9174,2.5802148179350515,0.28775183726373454,Trairão,Pará
864,2554,2025-10-01,,,,2,1,1,119.51218959263393,34.31769234793527,,,28.759806436567203,27.49106226679106,,0.0,0.0,0,9174,2.5802148179350515,0.28775183726373454,Trairão,Pará
865,2554,2025-11-01,,,,2,2,2,93.49318150111607,119.51218959263393,,,26.817467350746313,28.759806436567203,,0.0,0.0,0,9174,2.5802148179350515,0.28775183726373454,Trairão,Pará
866,2554,2025-12-01,,,,6,2,2,130.36985560825892,93.49318150111607,,,27.141569496268687,26.817467350746313,,0.0,0.0,1,9174,2.5802148179350515,0.28775183726373454,Trairão,Pará
867,2555,2025-10-01,,,,1,2,2,13.070733070373535,166.32229614257812,,,26.733256392045462,25.79821259469702,,0.0,0.0,0,19332,2.867864873295465,0.269656378386159,Tucumã,Pará
868,2555,2025-12-01,,,,1,1,1,87.42684936523438,13.070733070373535,,,27.529243607954584,26.733256392045462,,0.0,0.0,0,19332,2.867864873295465,0.269656378386159,Tucumã,Pará
869,2960,2025-04-01,,,,9,11,1,100.90938313802083,150.02818806966147,,,26.762841796875023,26.588525390625023,,0.0,0.0,0,126250,496.25664009564065,0.8635598393172043,Japurá,Paraná
870,2960,2025-05-01,,,,20,9,26,117.15889485677083,100.90938313802083,,,22.610986328125023,26.762841796875023,,0.0,0.0,0,126250,496.25664009564065,0.8635598393172043,Japurá,Paraná
871,2960,2025-06-01,,,,27,20,17,78.33294677734375,117.15889485677083,,,21.174951171875023,22.610986328125023,,0.0,0.0,0,126250,496.25664009564065,0.8635598393172043,Japurá,Paraná
872,2960,2025-07-01,,,,33,27,11,156.47427368164062,78.33294677734375,,,18.142602539062523,21.174951171875023,,0.0,0.0,0,126250,496.25664009564065,0.8635598393172043,Japurá,Paraná
873,2960,2025-08-01,,,,50,33,9,37.72393798828125,156.47427368164062,,,17.538232421875023,18.142602539062523,,0.0,0.0,0,126250,496.25664009564065,0.8635598393172043,Japurá,Paraná
874,2960,2025-09-01,,,,43,50,20,32.322408040364586,37.72393798828125,,,19.684716796875023,17.538232421875023,,0.0,0.0,0,126250,496.25664009564065,0.8635598393172043,Japurá,Paraná
875,2960,2025-10-01,,,,170,43,27,52.26395161946615,32.322408040364586,,,23.996728515625023,19.684716796875023,,0.0,0.0,0,126250,496.25664009564065,0.8635598393172043,Japurá,Paraná
876,2960,2025-11-01,,,,261,170,33,207.6888427734375,52.26395161946615,,,23.345605468750023,23.996728515625023,,0.0,0.0,1,126250,496.25664009564065,0.8635598393172043,Japurá,Paraná
877,2960,2025-12-01,,,,222,261,50,206.03621419270834,207.6888427734375,,,23.881738281250023,23.345605468750023,,59.15510813395181,0.4791259765625,1,126250,496.25664009564065,0.8635598393172043,Japurá,Paraná
878,3770,2025-12-01,,,,1,1,1,3.83551025390625,82.25550842285156,,,26.505901227678578,24.22503487723219,,0.0,0.0,0,186666,135.01191286788924,0.529489906650876,Monte Alegre,Rio Grande do Norte
879,3979,2025-03-01,,,,247,300,1,153.2248077392578,74.83036804199219,,,26.540283203125,24.276660156250045,,0.0,0.0,0,437573,463.57791502447685,0.8130105372349707,Cruzeiro do Sul,Rio Grande do Sul
880,3979,2025-04-01,,,,211,247,48,78.08101654052734,153.2248077392578,,,24.692529296875023,26.540283203125,,0.0,0.0,0,437573,463.57791502447685,0.8130105372349707,Cruzeiro do Sul,Rio Grande do Sul
881,3979,2025-05-01,,,,262,211,464,84.5215835571289,78.08101654052734,,,18.785400390625,24.692529296875023,,0.0,0.0,0,437573,463.57791502447685,0.8130105372349707,Cruzeiro do Sul,Rio Grande do Sul
882,3979,2025-06-01,,,,198,262,300,186.58242797851562,84.5215835571289,,,17.518212890625023,18.785400390625,,0.0,0.0,0,437573,463.57791502447685,0.8130105372349707,Cruzeiro do Sul,Rio Grande do Sul
883,3979,2025-07-01,,,,163,198,247,301.8814392089844,186.58242797851562,,,12.503833007812545,17.518212890625023,,0.0,0.0,0,437573,463.57791502447685,0.8130105372349707,Cruzeiro do Sul,Rio Grande do Sul
884,3979,2025-08-01,,,,161,163,211,86.99659729003906,301.8814392089844,,,12.279833984375045,12.503833007812545,,0.0,0.0,0,437573,463.57791502447685,0.8130105372349707,Cruzeiro do Sul,Rio Grande do Sul
885,3979,2025-09-01,,,,151,161,262,194.29623413085938,86.99659729003906,,,14.789111328125045,12.279833984375045,,0.0,0.0,0,437573,463.57791502447685,0.8130105372349707,Cruzeiro do Sul,Rio Grande do Sul
886,3979,2025-10-01,,,,191,151,198,238.10272216796875,194.29623413085938,,,16.808447265625034,14.789111328125045,,0.0,0.0,0,437573,463.57791502447685,0.8130105372349707,Cruzeiro do Sul,Rio Grande do Sul
887,3979,2025-11-01,,,,198,191,163,141.73342895507812,238.10272216796875,,,18.895117187500034,16.808447265625034,,0.0,0.0,0,437573,463.57791502447685,0.8130105372349707,Cruzeiro do Sul,Rio Grande do Sul
888,3979,2025-12-01,,,,131,198,161,104.97372436523438,141.73342895507812,,,20.31494140625,18.895117187500034,,59.407962799072266,1.2893310546874943,0,437573,463.57791502447685,0.8130105372349707,Cruzeiro do Sul,Rio Grande do Sul
889,4047,2025-01-01,,,,89,4,2,128.6881332397461,128.6881332397461,,,22.422021484375023,24.030013020833337,,0.0,0.0,0,469396,475.7196311881519,0.6703427080895248,Humaitá,Rio Grande do Sul
890,4047,2025-02-01,,,,188,89,1,112.59307098388672,128.6881332397461,,,25.31500651041671,22.422021484375023,,0.0,0.0,0,469396,475.7196311881519,0.6703427080895248,Humaitá,Rio Grande do Sul
891,4047,2025-03-01,,,,432,188,3,143.12608337402344,112.59307098388672,,,26.636376953125023,25.31500651041671,,0.0,0.0,1,469396,475.7196311881519,0.6703427080895248,Humaitá,Rio Grande do Sul
892,4047,2025-04-01,,,,342,432,4,94.30690002441406,143.12608337402344,,,25.274560546875023,26.636376953125023,,-11.63314437866211,-1.5144449869791572,0,469396,475.7196311881519,0.6703427080895248,Humaitá,Rio Grande do Sul
893,4047,2025-05-01,,,,362,342,89,105.42184448242188,94.30690002441406,,,19.62042643229171,25.274560546875023,,0.0,0.0,1,469396,475.7196311881519,0.6703427080895248,Humaitá,Rio Grande do Sul
894,4047,2025-06-01,,,,317,362,188,157.92129516601562,105.42184448242188,,,18.485335286458337,19.62042643229171,,0.0,0.0,0,469396,475.7196311881519,0.6703427080895248,Humaitá,Rio Grande do Sul
895,4047,2025-07-01,,,,286,317,432,333.37744140625,157.92129516601562,,,13.823754882812523,18.485335286458337,,0.0,0.0,0,469396,475.7196311881519,0.6703427080895248,Humaitá,Rio Grande do Sul
896,4047,2025-08-01,,,,230,286,342,97.43753814697266,333.37744140625,,,13.734847005208337,13.823754882812523,,-12.81155776977539,-0.6100972493489678,0,469396,475.7196311881519,0.6703427080895248,Humaitá,Rio Grande do Sul
897,4047,2025-09-01,,,,179,230,362,103.06501770019531,97.43753814697266,,,15.608382161458337,13.734847005208337,,0.0,0.0,0,469396,475.7196311881519,0.6703427080895248,Humaitá,Rio Grande do Sul
898,4047,2025-10-01,,,,159,179,317,188.90809631347656,103.06501770019531,,,18.482080078125023,15.608382161458337,,0.0,0.0,0,469396,475.7196311881519,0.6703427080895248,Humaitá,Rio Grande do Sul
899,4047,2025-11-01,,,,98,159,286,209.89572143554688,188.90809631347656,,,19.47369791666671,18.482080078125023,,-7.218975067138672,-1.0487467447916572,0,469396,475.7196311881519,0.6703427080895248,Humaitá,Rio Grande do Sul
900,4047,2025-12-01,,,,96,98,230,114.25018310546875,209.89572143554688,,,21.932519531250023,19.47369791666671,,80.14203262329102,0.8734130859375,0,469396,475.7196311881519,0.6703427080895248,Humaitá,Rio Grande do Sul
901,4356,2025-06-01,,,,7,6,3,95.84336224724265,164.1543686810662,,,25.671972656250034,25.672167968750045,,0.0,0.0,0,99167,2.0114148888291723,0.4886123158210074,Ariquemes,Rondônia
902,4356,2025-07-01,,,,7,7,3,12.01627753762638,95.84336224724265,,,26.14410807291671,25.671972656250034,,0.0,0.0,0,99167,2.0114148888291723,0.4886123158210074,Ariquemes,Rondônia
903,4356,2025-08-01,,,,11,7,3,6.29242930692785,12.01627753762638,,,26.589518229166686,26.14410807291671,,0.0,0.0,0,99167,2.0114148888291723,0.4886123158210074,Ariquemes,Rondônia
904,4356,2025-09-01,,,,9,11,6,23.22959092084099,6.29242930692785,,,28.05257161458337,26.589518229166686,,0.0,0.0,0,99167,2.0114148888291723,0.4886123158210074,Ariquemes,Rondônia
905,4356,2025-10-01,,,,10,9,7,126.49952607996323,23.22959092084099,,,28.134016927083337,28.05257161458337,,0.0,0.0,0,99167,2.0114148888291723,0.4886123158210074,Ariquemes,Rondônia
906,4356,2025-11-01,,,,15,10,7,98.172119140625,126.49952607996323,,,27.265299479166686,28.134016927083337,,0.0,0.0,1,99167,2.0114148888291723,0.4886123158210074,Ariquemes,Rondônia
907,4356,2025-12-01,,,,8,15,11,179.19996553308823,98.172119140625,,,26.2744140625,27.265299479166686,,0.0,0.0,0,99167,2.0114148888291723,0.4886123158210074,Ariquemes,Rondônia
908,4362,2025-04-01,,,,47,47,5,258.40711805555554,465.23383246527777,,,25.520302972561012,25.46368616615854,,0.0,0.0,0,29374,8.414311489007233,0.31124496098203985,Candeias do Jamari,Rondônia
909,4362,2025-05-01,,,,54,47,58,181.50203450520834,258.40711805555554,,,26.114648437500023,25.520302972561012,,0.0,0.0,0,29374,8.414311489007233,0.31124496098203985,Candeias do Jamari,Rondônia
910,4362,2025-06-01,,,,72,54,45,87.62297227647569,181.50203450520834,,,26.206254763719528,26.114648437500023,,0.0,0.0,0,29374,8.414311489007233,0.31124496098203985,Candeias do Jamari,Rondônia
911,4362,2025-07-01,,,,88,72,47,11.462810940212673,87.62297227647569,,,26.34945217225612,26.206254763719528,,0.0,0.0,0,29374,8.414311489007233,0.31124496098203985,Candeias do Jamari,Rondônia
912,4362,2025-08-01,,,,84,88,47,6.606375800238715,11.462810940212673,,,26.891587271341507,26.34945217225612,,0.0,0.0,0,29374,8.414311489007233,0.31124496098203985,Candeias do Jamari,Rondônia
913,4362,2025-09-01,,,,91,84,54,32.150614420572914,6.606375800238715,,,28.334994283536616,26.891587271341507,,0.0,0.0,0,29374,8.414311489007233,0.31124496098203985,Candeias do Jamari,Rondônia
914,4362,2025-10-01,,,,138,91,72,127.02826605902777,32.150614420572914,,,27.977072217987825,28.334994283536616,,0.0,0.0,1,29374,8.414311489007233,0.31124496098203985,Candeias do Jamari,Rondônia
915,4362,2025-11-01,,,,97,138,88,124.02195909288194,127.02826605902777,,,27.258584222561012,27.977072217987825,,0.0,0.0,1,29374,8.414311489007233,0.31124496098203985,Candeias do Jamari,Rondônia
916,4362,2025-12-01,,,,74,97,84,165.6898193359375,124.02195909288194,,,26.475547827743924,27.258584222561012,,55.54826185438367,-0.2820121951219505,0,29374,8.414311489007233,0.31124496098203985,Candeias do Jamari,Rondônia
917,4369,2025-04-01,,,,2,3,1,269.26243489583334,404.73033854166664,,,25.370507812500023,25.259375000000034,,0.0,0.0,0,12402,7.898648881298239,0.4900398596906175,Cujubim,Rondônia
918,4369,2025-05-01,,,,7,2,3,184.12532552083334,269.26243489583334,,,25.954726562500014,25.370507812500023,,0.0,0.0,0,12402,7.898648881298239,0.4900398596906175,Cujubim,Rondônia
919,4369,2025-06-01,,,,10,7,3,77.6384521484375,184.12532552083334,,,26.137226562500018,25.954726562500014,,0.0,0.0,0,12402,7.898648881298239,0.4900398596906175,Cujubim,Rondônia
920,4369,2025-07-01,,,,28,10,3,13.077980550130208,77.6384521484375,,,26.298125000000027,26.137226562500018,,0.0,0.0,0,12402,7.898648881298239,0.4900398596906175,Cujubim,Rondônia
921,4369,2025-08-01,,,,43,28,2,6.84463857014974,13.077980550130208,,,26.88640625000005,26.298125000000027,,0.0,0.0,0,12402,7.898648881298239,0.4900398596906175,Cujubim,Rondônia
922,4369,2025-09-01,,,,50,43,7,27.549320475260416,6.84463857014974,,,28.217382812500034,26.88640625000005,,0.0,0.0,1,12402,7.898648881298239,0.4900398596906175,Cujubim,Rondônia
923,4369,2025-10-01,,,,59,50,10,129.00198567708333,27.549320475260416,,,27.675351562499998,28.217382812500034,,0.0,0.0,1,12402,7.898648881298239,0.4900398596906175,Cujubim,Rondônia
924,4369,2025-11-01,,,,34,59,28,124.0205810546875,129.00198567708333,,,26.99753906250004,27.675351562499998,,0.0,0.0,0,12402,7.898648881298239,0.4900398596906175,Cujubim,Rondônia
925,4369,2025-12-01,,,,17,34,43,180.13136393229166,124.0205810546875,,,26.551582031250007,26.99753906250004,,71.73288981119794,-0.2762988281249932,0,12402,7.898648881298239,0.4900398596906175,Cujubim,Rondônia
926,4370,2025-05-01,,,,2,1,1,52.38760172526042,218.51676432291666,,,25.112180397727286,24.879616477272748,,0.0,0.0,0,6098,19.49573339715182,0.34942197230564703,Espigão D'Oeste,Rondônia
927,4370,2025-06-01,,,,2,2,3,97.74847819010417,52.38760172526042,,,24.845880681818187,25.112180397727286,,0.0,0.0,0,6098,19.49573339715182,0.34942197230564703,Espigão D'Oeste,Rondônia
928,4370,2025-07-01,,,,1,2,4,15.164632161458334,97.74847819010417,,,24.8671875,24.845880681818187,,0.0,0.0,0,6098,19.49573339715182,0.34942197230564703,Espigão D'Oeste,Rondônia
929,4370,2025-10-01,,,,1,1,1,3.651311747233073,15.164632161458334,,,24.630859375,24.8671875,,0.0,0.0,0,6098,19.49573339715182,0.34942197230564703,Espigão D'Oeste,Rondônia
930,4370,2025-11-01,,,,1,1,2,107.05428059895833,3.651311747233073,,,26.700710227272737,24.630859375,,0.0,0.0,0,6098,19.49573339715182,0.34942197230564703,Espigão D'Oeste,Rondônia
931,4370,2025-12-01,,,,3,1,2,216.08271484375,107.05428059895833,,,26.110085227272748,26.700710227272737,,0.0,0.0,0,6098,19.49573339715182,0.34942197230564703,Espigão D'Oeste,Rondônia
932,4372,2025-04-01,,,,62,47,4,276.08241780598956,323.4466145833333,,,25.130156250000027,25.534250000000043,,0.0,0.0,1,13000,4.801220477137885,0.43252781594789624,Guajará-Mirim,Rondônia
933,4372,2025-05-01,,,,48,62,39,205.30537923177084,276.08241780598956,,,25.052062500000034,25.130156250000027,,0.0,0.0,0,13000,4.801220477137885,0.43252781594789624,Guajará-Mirim,Rondônia
934,4372,2025-06-01,,,,46,48,46,81.24489339192708,205.30537923177084,,,25.10128125,25.052062500000034,,0.0,0.0,0,13000,4.801220477137885,0.43252781594789624,Guajará-Mirim,Rondônia
935,4372,2025-07-01,,,,35,46,47,9.436253865559896,81.24489339192708,,,24.713625000000036,25.10128125,,0.0,0.0,0,13000,4.801220477137885,0.43252781594789624,Guajará-Mirim,Rondônia
936,4372,2025-08-01,,,,47,35,62,6.778049468994141,9.436253865559896,,,25.07203125000001,24.713625000000036,,0.0,0.0,0,13000,4.801220477137885,0.43252781594789624,Guajará-Mirim,Rondônia
937,4372,2025-09-01,,,,49,47,48,22.860641479492188,6.778049468994141,,,26.631875000000036,25.07203125000001,,0.0,0.0,0,13000,4.801220477137885,0.43252781594789624,Guajará-Mirim,Rondônia
938,4372,2025-10-01,,,,61,49,46,84.14932759602864,22.860641479492188,,,27.417875000000038,26.631875000000036,,0.0,0.0,0,13000,4.801220477137885,0.43252781594789624,Guajará-Mirim,Rondônia
939,4372,2025-11-01,,,,59,61,35,112.37725830078125,84.14932759602864,,,26.576531250000016,27.417875000000038,,0.0,0.0,0,13000,4.801220477137885,0.43252781594789624,Guajará-Mirim,Rondônia
940,4372,2025-12-01,,,,62,59,47,157.14680989583334,112.37725830078125,,,26.035375000000045,26.576531250000016,,115.73320007324219,-0.5637187499999925,1,13000,4.801220477137885,0.43252781594789624,Guajará-Mirim,Rondônia
941,4373,2025-04-01,,,,24,28,8,263.97814002403845,430.21814903846155,,,25.44257450810187,25.41255425347225,,0.0,0.0,0,79608,7.417586454189324,0.46629513874159334,Itapuã do Oeste,Rondônia
942,4373,2025-05-01,,,,51,24,20,182.72137920673077,263.97814002403845,,,26.062239583333337,25.44257450810187,,0.0,0.0,0,79608,7.417586454189324,0.46629513874159334,Itapuã do Oeste,Rondônia
943,4373,2025-06-01,,,,76,51,17,79.47379244290866,182.72137920673077,,,26.129803240740785,26.062239583333337,,0.0,0.0,0,79608,7.417586454189324,0.46629513874159334,Itapuã do Oeste,Rondônia
944,4373,2025-07-01,,,,100,76,28,11.192198533278246,79.47379244290866,,,26.270627170138937,26.129803240740785,,0.0,0.0,0,79608,7.417586454189324,0.46629513874159334,Itapuã do Oeste,Rondônia
945,4373,2025-08-01,,,,162,100,24,6.183329655573918,11.192198533278246,,,26.863635706018556,26.270627170138937,,0.0,0.0,1,79608,7.417586454189324,0.46629513874159334,Itapuã do Oeste,Rondônia
946,4373,2025-09-01,,,,127,162,51,31.956768329326923,6.183329655573918,,,28.286939380787032,26.863635706018556,,0.0,0.0,1,79608,7.417586454189324,0.46629513874159334,Itapuã do Oeste,Rondônia
947,4373,2025-10-01,,,,100,127,76,122.53868689903847,31.956768329326923,,,27.906568287037032,28.286939380787032,,0.0,0.0,0,79608,7.417586454189324,0.46629513874159334,Itapuã do Oeste,Rondônia
948,4373,2025-11-01,,,,70,100,100,120.94522798978366,122.53868689903847,,,27.243771701388937,27.906568287037032,,0.0,0.0,0,79608,7.417586454189324,0.46629513874159334,Itapuã do Oeste,Rondônia
949,4373,2025-12-01,,,,52,70,162,166.37811748798077,120.94522798978366,,,26.549942129629642,27.243771701388937,,66.07213416466345,-0.3103117766203809,0,79608,7.417586454189324,0.46629513874159334,Itapuã do Oeste,Rondônia
950,4376,2025-05-01,,,,11,9,12,192.662109375,273.6747483473558,,,25.971055074257436,25.414124381188117,,0.0,0.0,0,73942,13.211824310862482,0.21345510823217967,Machadinho D'Oeste,Rondônia
951,4376,2025-06-01,,,,9,11,11,83.0208740234375,192.662109375,,,26.19423344678222,25.971055074257436,,0.0,0.0,0,73942,13.211824310862482,0.21345510823217967,Machadinho D'Oeste,Rondônia
952,4376,2025-07-01,,,,14,9,7,29.872337928185097,83.0208740234375,,,26.45639696782183,26.19423344678222,,0.0,0.0,0,73942,13.211824310862482,0.21345510823217967,Machadinho D'Oeste,Rondônia
953,4376,2025-08-01,,,,25,14,9,12.02154306265024,29.872337928185097,,,26.84719600866339,26.45639696782183,,0.0,0.0,0,73942,13.211824310862482,0.21345510823217967,Machadinho D'Oeste,Rondônia
954,4376,2025-09-01,,,,36,25,11,32.33720045823317,12.02154306265024,,,28.240508972772318,26.84719600866339,,0.0,0.0,1,73942,13.211824310862482,0.21345510823217967,Machadinho D'Oeste,Rondônia
955,4376,2025-10-01,,,,27,36,9,134.15189302884616,32.33720045823317,,,27.74739325495051,28.240508972772318,,0.0,0.0,0,73942,13.211824310862482,0.21345510823217967,Machadinho D'Oeste,Rondônia
956,4376,2025-11-01,,,,26,27,14,126.2926494891827,134.15189302884616,,,27.058694306930704,27.74739325495051,,0.0,0.0,0,73942,13.211824310862482,0.21345510823217967,Machadinho D'Oeste,Rondônia
957,4376,2025-12-01,,,,32,26,25,195.78740985576923,126.2926494891827,,,26.653179146039633,27.058694306930704,,0.0,0.0,1,73942,13.211824310862482,0.21345510823217967,Machadinho D'Oeste,Rondônia
958,4379,2025-11-01,,,,2,1,1,87.71649169921875,26.609954833984375,,,27.214055765086243,27.673275862068976,,0.0,0.0,0,26731,12.352735417735966,0.4507506078131076,Monte Negro,Rondônia
959,4379,2025-12-01,,,,2,2,1,155.9406534830729,87.71649169921875,,,25.913173491379325,27.214055765086243,,0.0,0.0,0,26731,12.352735417735966,0.4507506078131076,Monte Negro,Rondônia
960,4384,2025-11-01,,,,2,1,1,91.51505126953126,13.952545166015625,,,27.229882812500023,27.7450892857143,,0.0,0.0,1,57138,7.159116479434278,0.26463840262517957,Ouro Preto do Oeste,Rondônia
961,4384,2025-12-01,,,,1,2,1,178.197021484375,91.51505126953126,,,26.530915178571433,27.229882812500023,,0.0,0.0,0,57138,7.159116479434278,0.26463840262517957,Ouro Preto do Oeste,Rondônia
962,4388,2024-12-01,,,,29,1,1,160.92294683689022,160.92294683689022,,,26.5791015625,28.837152777777817,,-69.73519674161588,0.38285590277777715,0,88337,9.704947087780244,0.4034641459488043,Porto Velho,Rondônia
963,4388,2025-01-01,,,,327,29,1,160.92294683689022,160.92294683689022,,,26.14288194444447,26.5791015625,,79.83909346417684,-0.35858289930556,0,88337,9.704947087780244,0.4034641459488043,Porto Velho,Rondônia
964,4388,2025-02-01,,,,227,327,1,320.6011337652439,160.92294683689022,,,25.652430555555554,26.14288194444447,,129.16783774771346,-0.5421223958333314,0,88337,9.704947087780244,0.4034641459488043,Porto Velho,Rondônia
965,4388,2025-03-01,,,,263,227,1,419.2586223323171,320.6011337652439,,,25.495225694444457,25.652430555555554,,0.0,0.0,0,88337,9.704947087780244,0.4034641459488043,Porto Velho,Rondônia
966,4388,2025-04-01,,,,299,263,29,266.9241615853659,419.2586223323171,,,25.423133680555566,25.495225694444457,,0.0,0.0,0,88337,9.704947087780244,0.4034641459488043,Porto Velho,Rondônia
967,4388,2025-05-01,,,,300,299,327,214.33255525914635,266.9241615853659,,,25.761154513888926,25.423133680555566,,0.0,0.0,0,88337,9.704947087780244,0.4034641459488043,Porto Velho,Rondônia
968,4388,2025-06-01,,,,377,300,227,90.37540491615853,214.33255525914635,,,25.91523437500001,25.761154513888926,,0.0,0.0,0,88337,9.704947087780244,0.4034641459488043,Porto Velho,Rondônia
969,4388,2025-07-01,,,,536,377,263,16.628870522103657,90.37540491615853,,,25.93335503472224,25.91523437500001,,0.0,0.0,0,88337,9.704947087780244,0.4034641459488043,Porto Velho,Rondônia
970,4388,2025-08-01,,,,574,536,299,6.4686390946551064,16.628870522103657,,,26.52424045138889,25.93335503472224,,0.0,0.0,1,88337,9.704947087780244,0.4034641459488043,Porto Velho,Rondônia
971,4388,2025-09-01,,,,514,574,300,31.806197003620426,6.4686390946551064,,,27.804058159722217,26.52424045138889,,0.0,0.0,0,88337,9.704947087780244,0.4034641459488043,Porto Velho,Rondônia
972,4388,2025-10-01,,,,552,514,377,149.12873951981706,31.806197003620426,,,27.570551215277817,27.804058159722217,,-15.727926114710357,-0.9310112847222172,0,88337,9.704947087780244,0.4034641459488043,Porto Velho,Rondônia
973,4388,2025-11-01,,,,590,552,536,129.4670946074695,149.12873951981706,,,26.975130208333383,27.570551215277817,,5.897103658536594,-0.1693467881944457,1,88337,9.704947087780244,0.4034641459488043,Porto Velho,Rondônia
974,4388,2025-12-01,,,,389,590,574,172.7171541539634,129.4670946074695,,,26.24040798611111,26.975130208333383,,69.73519674161588,-0.38285590277777715,0,88337,9.704947087780244,0.4034641459488043,Porto Velho,Rondônia
975,4391,2025-07-01,,,,3,2,3,10.644549778529576,160.11962890625,,,26.288846982758628,25.785041756465546,,0.0,0.0,0,26888,9.325861435508838,0.3216452218456974,Rio Crespo,Rondônia
976,4391,2025-08-01,,,,5,3,1,6.788660866873605,10.644549778529576,,,26.83056977370694,26.288846982758628,,0.0,0.0,0,26888,9.325861435508838,0.3216452218456974,Rio Crespo,Rondônia
977,4391,2025-09-01,,,,13,5,3,22.062909807477677,6.788660866873605,,,28.12936422413793,26.83056977370694,,0.0,0.0,1,26888,9.325861435508838,0.3216452218456974,Rio Crespo,Rondônia
978,4391,2025-10-01,,,,3,13,2,130.92837960379464,22.062909807477677,,,27.911321390086243,28.12936422413793,,0.0,0.0,0,26888,9.325861435508838,0.3216452218456974,Rio Crespo,Rondônia
979,4391,2025-11-01,,,,6,3,3,103.71929059709821,130.92837960379464,,,27.092557920258628,27.911321390086243,,0.0,0.0,0,26888,9.325861435508838,0.3216452218456974,Rio Crespo,Rondônia
980,4391,2025-12-01,,,,2,6,5,187.80051967075892,103.71929059709821,,,26.400781250000023,27.092557920258628,,0.0,0.0,0,26888,9.325861435508838,0.3216452218456974,Rio Crespo,Rondônia
981,4401,2025-12-01,,,,1,1,1,195.25126953125,105.30025634765624,,,26.59908712635871,27.08127547554352,,0.0,0.0,0,58215,19.86800142410019,0.28506632783360075,Vale do Anari,Rondônia
982,4405,2025-04-01,,,,514,466,4,193.59840303308823,103.86223288143383,,,25.632036323051977,25.58764711850654,,0.0,0.0,1,13294,10.857134168388331,0.18833498324311615,Amajari,Roraima
983,4405,2025-05-01,,,,450,514,379,189.97595932904412,193.59840303308823,,,24.822706980519513,25.632036323051977,,0.0,0.0,0,13294,10.857134168388331,0.18833498324311615,Amajari,Roraima
984,4405,2025-06-01,,,,391,450,386,347.2491670496324,189.97595932904412,,,23.756934862012997,24.822706980519513,,0.0,0.0,0,13294,10.857134168388331,0.18833498324311615,Amajari,Roraima
985,4405,2025-07-01,,,,355,391,466,274.1524873621324,347.2491670496324,,,23.45846185064937,23.756934862012997,,0.0,0.0,0,13294,10.857134168388331,0.18833498324311615,Amajari,Roraima
986,4405,2025-08-01,,,,299,355,514,207.34771369485293,274.1524873621324,,,23.18855012175328,23.45846185064937,,0.0,0.0,0,13294,10.857134168388331,0.18833498324311615,Amajari,Roraima
987,4405,2025-09-01,,,,399,299,450,230.5011488970588,207.34771369485293,,,24.030549918831184,23.18855012175328,,0.0,0.0,0,13294,10.857134168388331,0.18833498324311615,Amajari,Roraima
988,4405,2025-10-01,,,,540,399,391,84.00063189338235,230.5011488970588,,,25.536662946428578,24.030549918831184,,0.0,0.0,1,13294,10.857134168388331,0.18833498324311615,Amajari,Roraima
989,4405,2025-11-01,,,,385,540,355,110.589111328125,84.00063189338235,,,25.031107954545462,25.536662946428578,,0.0,0.0,0,13294,10.857134168388331,0.18833498324311615,Amajari,Roraima
990,4405,2025-12-01,,,,302,385,299,83.25267118566177,110.589111328125,,,25.09150263798705,25.031107954545462,,-52.53073299632352,-0.7802353896103966,0,13294,10.857134168388331,0.18833498324311615,Amajari,Roraima
991,4406,2025-05-01,,,,1,2,4,133.28535970052084,196.36892361111111,,,27.04319196428571,28.18869977678571,,0.0,0.0,0,29666,14.122406554223446,0.36487650070791,Boa Vista,Roraima
992,4406,2025-06-01,,,,1,1,2,335.9342990451389,133.28535970052084,,,25.86155133928571,27.04319196428571,,0.0,0.0,0,29666,14.122406554223446,0.36487650070791,Boa Vista,Roraima
993,4406,2025-07-01,,,,4,1,1,259.16937934027777,335.9342990451389,,,25.705329241071468,25.86155133928571,,0.0,0.0,0,29666,14.122406554223446,0.36487650070791,Boa Vista,Roraima
994,4406,2025-08-01,,,,3,4,2,291.5687662760417,259.16937934027777,,,25.362611607142867,25.705329241071468,,0.0,0.0,0,29666,14.122406554223446,0.36487650070791,Boa Vista,Roraima
995,4406,2025-09-01,,,,4,3,1,116.69759114583333,291.5687662760417,,,26.576283482142856,25.362611607142867,,0.0,0.0,0,29666,14.122406554223446,0.36487650070791,Boa Vista,Roraima
996,4406,2025-10-01,,,,3,4,1,29.78207058376736,116.69759114583333,,,29.30446428571429,26.576283482142856,,0.0,0.0,0,29666,14.122406554223446,0.36487650070791,Boa Vista,Roraima
997,4406,2025-11-01,,,,4,3,4,108.63951958550348,29.78207058376736,,,28.208147321428612,29.30446428571429,,0.0,0.0,0,29666,14.122406554223446,0.36487650070791,Boa Vista,Roraima
998,4406,2025-12-01,,,,9,4,3,43.469075520833336,108.63951958550348,,,28.547126116071468,28.208147321428612,,0.0,0.0,1,29666,14.122406554223446,0.36487650070791,Boa Vista,Roraima
999,4407,2025-04-01,,,,4,6,1,185.949609375,48.3148046875,,,27.21802164713546,26.952416992187523,,0.0,0.0,0,41140,1.2488614082529257,0.33612487653210416,Bonfim,Roraima
1000,4407,2025-05-01,,,,4,4,1,153.623359375,185.949609375,,,26.35004069010421,27.21802164713546,,0.0,0.0,0,41140,1.2488614082529257,0.33612487653210416,Bonfim,Roraima
1001,4407,2025-06-01,,,,5,4,2,288.9476953125,153.623359375,,,25.31451822916671,26.35004069010421,,0.0,0.0,0,41140,1.2488614082529257,0.33612487653210416,Bonfim,Roraima
1002,4407,2025-08-01,,,,2,5,6,252.01865234375,288.9476953125,,,25.302473958333337,25.31451822916671,,0.0,0.0,0,41140,1.2488614082529257,0.33612487653210416,Bonfim,Roraima
1003,4407,2025-09-01,,,,1,2,4,119.2071875,252.01865234375,,,26.183821614583337,25.302473958333337,,0.0,0.0,0,41140,1.2488614082529257,0.33612487653210416,Bonfim,Roraima
1004,4407,2025-10-01,,,,3,1,4,25.890048828125,119.2071875,,,28.936751302083337,26.183821614583337,,0.0,0.0,0,41140,1.2488614082529257,0.33612487653210416,Bonfim,Roraima
1005,4407,2025-11-01,,,,3,3,5,71.48927734375,25.890048828125,,,27.906762695312523,28.936751302083337,,0.0,0.0,0,41140,1.2488614082529257,0.33612487653210416,Bonfim,Roraima
1006,4407,2025-12-01,,,,10,3,2,31.9823779296875,71.48927734375,,,27.88074137369796,27.906762695312523,,-27.884711303710944,-0.6647135416666572,1,41140,1.2488614082529257,0.33612487653210416,Bonfim,Roraima
1007,4408,2025-05-01,,,,27,22,43,170.4168035333807,237.03227095170453,,,26.019764727011534,26.783144755747173,,0.0,0.0,1,78759,15.673477316671654,0.49597449935942406,Cantá,Roraima
1008,4408,2025-06-01,,,,26,27,20,342.57816938920456,170.4168035333807,,,25.079121767241418,26.019764727011534,,0.0,0.0,0,78759,15.673477316671654,0.49597449935942406,Cantá,Roraima
1009,4408,2025-07-01,,,,25,26,26,267.3348499644886,342.57816938920456,,,25.13086835488508,25.079121767241418,,0.0,0.0,0,78759,15.673477316671654,0.49597449935942406,Cantá,Roraima
1010,4408,2025-08-01,,,,17,25,22,308.1609996448864,267.3348499644886,,,24.79850035919543,25.13086835488508,,0.0,0.0,0,78759,15.673477316671654,0.49597449935942406,Cantá,Roraima
1011,4408,2025-09-01,,,,22,17,27,138.52992942116478,308.1609996448864,,,25.995361889367814,24.79850035919543,,0.0,0.0,0,78759,15.673477316671654,0.49597449935942406,Cantá,Roraima
1012,4408,2025-10-01,,,,24,22,26,35.752172296697445,138.52992942116478,,,28.297961566092,25.995361889367814,,0.0,0.0,0,78759,15.673477316671654,0.49597449935942406,Cantá,Roraima
1013,4408,2025-11-01,,,,24,24,25,113.22807173295455,35.752172296697445,,,27.11764547413793,28.297961566092,,0.0,0.0,0,78759,15.673477316671654,0.49597449935942406,Cantá,Roraima
1014,4408,2025-12-01,,,,6,24,17,50.05195756392045,113.22807173295455,,,27.069603089080488,27.11764547413793,,0.0,0.0,0,78759,15.673477316671654,0.49597449935942406,Cantá,Roraima
1015,4410,2025-04-01,,,,47,46,1,366.8369140625,173.48404947916666,,,25.30661157024798,25.07478693181821,,0.0,0.0,1,30200,3.831569184076255,0.38297484023979445,Caroebe,Roraima
1016,4410,2025-05-01,,,,37,47,50,305.587818287037,366.8369140625,,,24.938326446280996,25.30661157024798,,0.0,0.0,0,30200,3.831569184076255,0.38297484023979445,Caroebe,Roraima
1017,4410,2025-06-01,,,,29,37,19,395.9421296296296,305.587818287037,,,24.522004132231416,24.938326446280996,,0.0,0.0,0,30200,3.831569184076255,0.38297484023979445,Caroebe,Roraima
1018,4410,2025-07-01,,,,18,29,46,260.6077473958333,395.9421296296296,,,24.707954545454584,24.522004132231416,,0.0,0.0,0,30200,3.831569184076255,0.38297484023979445,Caroebe,Roraima
1019,4410,2025-08-01,,,,10,18,47,236.0401294849537,260.6077473958333,,,24.503409090909088,24.707954545454584,,0.0,0.0,0,30200,3.831569184076255,0.38297484023979445,Caroebe,Roraima
1020,4410,2025-09-01,,,,8,10,37,141.35578522858796,236.0401294849537,,,25.25776730371905,24.503409090909088,,0.0,0.0,0,30200,3.831569184076255,0.38297484023979445,Caroebe,Roraima
1021,4410,2025-10-01,,,,11,8,29,61.56279387297454,141.35578522858796,,,27.363784865702485,25.25776730371905,,0.0,0.0,0,30200,3.831569184076255,0.38297484023979445,Caroebe,Roraima
1022,4410,2025-11-01,,,,7,11,18,101.32196723090277,61.56279387297454,,,26.899974173553744,27.363784865702485,,0.0,0.0,0,30200,3.831569184076255,0.38297484023979445,Caroebe,Roraima
1023,4410,2025-12-01,,,,6,7,10,61.49946198640046,101.32196723090277,,,26.654784349173553,26.899974173553744,,-46.46804922598379,-0.5910220816115554,0,30200,3.831569184076255,0.38297484023979445,Caroebe,Roraima
1024,4411,2025-04-01,,,,67,72,10,261.4531488185976,126.3646865472561,,,25.971547965116315,25.939662063953506,,0.0,0.0,0,28770,5.248739800062099,0.3076682435000485,Iracema,Roraima
1025,4411,2025-05-01,,,,104,67,127,183.791396722561,261.4531488185976,,,25.097819767441877,25.971547965116315,,0.0,0.0,1,28770,5.248739800062099,0.3076682435000485,Iracema,Roraima
1026,4411,2025-06-01,,,,43,104,30,415.1753048780488,183.791396722561,,,24.081422601744237,25.097819767441877,,0.0,0.0,0,28770,5.248739800062099,0.3076682435000485,Iracema,Roraima
1027,4411,2025-07-01,,,,43,43,72,283.379668445122,415.1753048780488,,,23.922765261627944,24.081422601744237,,0.0,0.0,0,28770,5.248739800062099,0.3076682435000485,Iracema,Roraima
1028,4411,2025-08-01,,,,20,43,67,214.6790682164634,283.379668445122,,,23.672538154069798,23.922765261627944,,0.0,0.0,0,28770,5.248739800062099,0.3076682435000485,Iracema,Roraima
1029,4411,2025-09-01,,,,42,20,104,206.56204744664635,214.6790682164634,,,24.559484011627944,23.672538154069798,,0.0,0.0,0,28770,5.248739800062099,0.3076682435000485,Iracema,Roraima
1030,4411,2025-10-01,,,,36,42,43,84.37171303353658,206.56204744664635,,,25.91513444767446,24.559484011627944,,0.0,0.0,0,28770,5.248739800062099,0.3076682435000485,Iracema,Roraima
1031,4411,2025-11-01,,,,84,36,43,121.66694455030488,84.37171303353658,,,25.2889534883721,25.91513444767446,,0.0,0.0,0,28770,5.248739800062099,0.3076682435000485,Iracema,Roraima
1032,4411,2025-12-01,,,,48,84,20,53.982588605182926,121.66694455030488,,,25.36292242005817,25.2889534883721,,-60.82698766196646,-0.91181413517441,0,28770,5.248739800062099,0.3076682435000485,Iracema,Roraima
1033,4413,2025-12-01,,,,4,2,4,33.104787726151315,21.368914152446546,,,28.443898338607596,29.081111550632954,,0.0,0.0,0,50699,14.051589419801386,0.4025510017300387,Normandia,Roraima
1034,4414,2025-04-01,,,,69,34,5,178.7774711277174,72.35331925101902,,,26.50734614158165,26.983789062500023,,0.0,0.0,1,9454,11.354281028526822,0.36358323305061524,Pacaraima,Roraima
1035,4414,2025-05-01,,,,35,69,48,151.2280910326087,178.7774711277174,,,25.782477678571468,26.50734614158165,,0.0,0.0,0,9454,11.354281028526822,0.36358323305061524,Pacaraima,Roraima
1036,4414,2025-06-01,,,,21,35,44,286.43393342391306,151.2280910326087,,,24.58341836734695,25.782477678571468,,0.0,0.0,0,9454,11.354281028526822,0.36358323305061524,Pacaraima,Roraima
1037,4414,2025-07-01,,,,20,21,34,244.27677055027175,286.43393342391306,,,24.172086256377554,24.58341836734695,,0.0,0.0,0,9454,11.354281028526822,0.36358323305061524,Pacaraima,Roraima
1038,4414,2025-08-01,,,,7,20,69,248.4388586956522,244.27677055027175,,,23.722229751275506,24.172086256377554,,0.0,0.0,0,9454,11.354281028526822,0.36358323305061524,Pacaraima,Roraima
1039,4414,2025-09-01,,,,11,7,35,123.36085045855978,248.4388586956522,,,24.74427216198984,23.722229751275506,,0.0,0.0,0,9454,11.354281028526822,0.36358323305061524,Pacaraima,Roraima
1040,4414,2025-10-01,,,,9,11,21,31.72350543478261,123.36085045855978,,,27.442912946428578,24.74427216198984,,0.0,0.0,0,9454,11.354281028526822,0.36358323305061524,Pacaraima,Roraima
1041,4414,2025-11-01,,,,3,9,20,114.60779339334239,31.72350543478261,,,26.474162946428578,27.442912946428578,,0.0,0.0,0,9454,11.354281028526822,0.36358323305061524,Pacaraima,Roraima
1042,4414,2025-12-01,,,,4,3,7,63.305849821671195,114.60779339334239,,,26.925514190051047,26.474162946428578,,-38.9416092582371,-0.45456991390307167,0,9454,11.354281028526822,0.36358323305061524,Pacaraima,Roraima
1043,4416,2025-04-01,,,,4,4,3,276.41257731119794,149.8151652018229,,,25.659769241898175,25.443695746527794,,0.0,0.0,0,65487,12.295500601829971,0.44729378167494477,São João da Baliza,Roraima
1044,4416,2025-05-01,,,,4,4,26,303.60447184244794,276.41257731119794,,,25.314102285879642,25.659769241898175,,0.0,0.0,0,65487,12.295500601829971,0.44729378167494477,São João da Baliza,Roraima
1045,4416,2025-06-01,,,,1,4,12,420.3930257161458,303.60447184244794,,,24.880002170138937,25.314102285879642,,0.0,0.0,0,65487,12.295500601829971,0.44729378167494477,São João da Baliza,Roraima
1046,4416,2025-07-01,,,,4,1,4,267.39780680338544,420.3930257161458,,,25.066616030092632,24.880002170138937,,0.0,0.0,0,65487,12.295500601829971,0.44729378167494477,São João da Baliza,Roraima
1047,4416,2025-08-01,,,,1,4,4,238.14605712890625,267.39780680338544,,,24.9216326678241,25.066616030092632,,0.0,0.0,0,65487,12.295500601829971,0.44729378167494477,São João da Baliza,Roraima
1048,4416,2025-09-01,,,,1,1,4,154.11480712890625,238.14605712890625,,,25.697601996527794,24.9216326678241,,0.0,0.0,0,65487,12.295500601829971,0.44729378167494477,São João da Baliza,Roraima
1049,4416,2025-10-01,,,,2,1,1,77.57310485839844,154.11480712890625,,,27.834863281250023,25.697601996527794,,0.0,0.0,0,65487,12.295500601829971,0.44729378167494477,São João da Baliza,Roraima
1050,4416,2025-11-01,,,,6,2,4,115.59627278645833,77.57310485839844,,,27.11822916666671,27.834863281250023,,0.0,0.0,0,65487,12.295500601829971,0.44729378167494477,São João da Baliza,Roraima
1051,4416,2025-12-01,,,,6,6,1,74.4323221842448,115.59627278645833,,,26.887000868055566,27.11822916666671,,-39.13212331136069,-0.661196108217581,0,65487,12.295500601829971,0.44729378167494477,São João da Baliza,Roraima
1052,4418,2025-04-01,,,,29,39,9,124.74964971127717,48.90589971127717,,,23.393144311797755,23.401571278089932,,0.0,0.0,0,23753,14.397433204738023,0.476219929602453,Uiramutã,Roraima
1053,4418,2025-05-01,,,,64,29,126,138.05656632133153,124.74964971127717,,,23.34262640449441,23.393144311797755,,0.0,0.0,0,23753,14.397433204738023,0.476219929602453,Uiramutã,Roraima
1054,4418,2025-06-01,,,,83,64,51,268.4872409986413,138.05656632133153,,,22.65275632022474,23.34262640449441,,0.0,0.0,1,23753,14.397433204738023,0.476219929602453,Uiramutã,Roraima
1055,4418,2025-07-01,,,,46,83,39,274.0610988451087,268.4872409986413,,,22.119267907303367,22.65275632022474,,0.0,0.0,0,23753,14.397433204738023,0.476219929602453,Uiramutã,Roraima
1056,4418,2025-08-01,,,,40,46,29,224.1746773097826,274.0610988451087,,,21.784998244382052,22.119267907303367,,0.0,0.0,0,23753,14.397433204738023,0.476219929602453,Uiramutã,Roraima
1057,4418,2025-09-01,,,,19,40,64,109.15922214673913,224.1746773097826,,,22.50054424157304,21.784998244382052,,0.0,0.0,0,23753,14.397433204738023,0.476219929602453,Uiramutã,Roraima
1058,4418,2025-10-01,,,,15,19,83,28.67047649881114,109.15922214673913,,,24.519175737359546,22.50054424157304,,0.0,0.0,0,23753,14.397433204738023,0.476219929602453,Uiramutã,Roraima
1059,4418,2025-11-01,,,,20,15,46,61.897041652513586,28.67047649881114,,,24.235665379213515,24.519175737359546,,0.0,0.0,0,23753,14.397433204738023,0.476219929602453,Uiramutã,Roraima
1060,4418,2025-12-01,,,,12,20,40,46.719413425611414,61.897041652513586,,,24.158988764044977,24.235665379213515,,-21.14458697775136,-0.09308067064606007,0,23753,14.397433204738023,0.476219929602453,Uiramutã,Roraima
1061,4548,2025-08-01,,,,2,1,1,85.70783996582031,298.31829833984375,,,14.189208984375,14.475878906250045,,0.0,0.0,0,393534,441.3300800417963,0.7614964886259599,Itapiranga,Santa Catarina
1062,4548,2025-10-01,,,,2,2,1,116.05000305175781,85.70783996582031,,,16.281103515625034,14.189208984375,,0.0,0.0,0,393534,441.3300800417963,0.7614964886259599,Itapiranga,Santa Catarina
1063,4548,2025-11-01,,,,2,2,1,216.4481201171875,116.05000305175781,,,19.954492187500023,16.281103515625034,,0.0,0.0,0,393534,441.3300800417963,0.7614964886259599,Itapiranga,Santa Catarina
1064,4726,2025-04-01,,,,516,474,18,89.11415100097656,158.3115692138672,,,26.81535915798611,25.94280056423611,,0.0,0.0,0,51115,652.3005964237514,0.7751123132468802,Alto Alegre,São Paulo
1065,4726,2025-05-01,,,,540,516,804,96.44833374023438,89.11415100097656,,,23.745209418402794,26.81535915798611,,0.0,0.0,0,51115,652.3005964237514,0.7751123132468802,Alto Alegre,São Paulo
1066,4726,2025-06-01,,,,423,540,393,23.137252807617188,96.44833374023438,,,21.26343858506948,23.745209418402794,,0.0,0.0,0,51115,652.3005964237514,0.7751123132468802,Alto Alegre,São Paulo
1067,4726,2025-07-01,,,,380,423,474,68.48407745361328,23.137252807617188,,,19.52556423611111,21.26343858506948,,0.0,0.0,0,51115,652.3005964237514,0.7751123132468802,Alto Alegre,São Paulo
1068,4726,2025-08-01,,,,395,380,516,8.361237525939941,68.48407745361328,,,19.04376627604171,19.52556423611111,,0.0,0.0,0,51115,652.3005964237514,0.7751123132468802,Alto Alegre,São Paulo
1069,4726,2025-09-01,,,,383,395,540,7.803234100341797,8.361237525939941,,,21.457123480902794,19.04376627604171,,0.0,0.0,0,51115,652.3005964237514,0.7751123132468802,Alto Alegre,São Paulo
1070,4726,2025-10-01,,,,443,383,423,10.0010986328125,7.803234100341797,,,25.54707573784725,21.457123480902794,,0.0,0.0,0,51115,652.3005964237514,0.7751123132468802,Alto Alegre,São Paulo
1071,4726,2025-11-01,,,,565,443,380,114.46573638916016,10.0010986328125,,,25.10640190972225,25.54707573784725,,0.0,0.0,1,51115,652.3005964237514,0.7751123132468802,Alto Alegre,São Paulo
1072,4726,2025-12-01,,,,450,565,395,112.56417846679688,114.46573638916016,,,24.92622612847225,25.10640190972225,,84.5894660949707,0.7000732421875,0,51115,652.3005964237514,0.7751123132468802,Alto Alegre,São Paulo
1073,5303,2025-04-01,,,,29,45,4,85.80741119384766,130.84617614746094,,,26.811018880208337,26.25725368923611,,0.0,0.0,0,696455,121.42325183024856,0.773874607027516,Tabatinga,São Paulo
1074,5303,2025-05-01,,,,51,29,36,81.59617614746094,85.80741119384766,,,23.703108723958337,26.811018880208337,,0.0,0.0,1,696455,121.42325183024856,0.773874607027516,Tabatinga,São Paulo
1075,5303,2025-06-01,,,,43,51,47,15.320438385009766,81.59617614746094,,,21.490869140625023,23.703108723958337,,0.0,0.0,0,696455,121.42325183024856,0.773874607027516,Tabatinga,São Paulo
1076,5303,2025-07-01,,,,36,43,45,55.44809341430664,15.320438385009766,,,19.457855902777794,21.490869140625023,,0.0,0.0,0,696455,121.42325183024856,0.773874607027516,Tabatinga,São Paulo
1077,5303,2025-08-01,,,,26,36,29,6.76931095123291,55.44809341430664,,,19.15791558159725,19.457855902777794,,0.0,0.0,0,696455,121.42325183024856,0.773874607027516,Tabatinga,São Paulo
1078,5303,2025-09-01,,,,14,26,51,9.433319091796875,6.76931095123291,,,21.625526258680566,19.15791558159725,,0.0,0.0,0,696455,121.42325183024856,0.773874607027516,Tabatinga,São Paulo
1079,5303,2025-10-01,,,,17,14,43,13.335060119628906,9.433319091796875,,,24.87541775173611,21.625526258680566,,0.0,0.0,0,696455,121.42325183024856,0.773874607027516,Tabatinga,São Paulo
1080,5303,2025-11-01,,,,8,17,36,110.10957336425781,13.335060119628906,,,24.413693576388937,24.87541775173611,,0.0,0.0,0,696455,121.42325183024856,0.773874607027516,Tabatinga,São Paulo
1081,5303,2025-12-01,,,,9,8,26,156.4629364013672,110.10957336425781,,,24.467892795138937,24.413693576388937,,72.14266395568848,0.6233588324652715,0,696455,121.42325183024856,0.773874607027516,Tabatinga,São Paulo
1082,5447,2025-07-01,,,,2,1,2,15.160024007161459,46.992211235894096,,,27.500292968750045,27.50410156250001,,0.0,0.0,0,71803,14.33746893316245,0.42081651193318687,Araguatins,Tocantins
1083,5447,2025-08-01,,,,7,2,3,4.675458696153429,15.160024007161459,,,28.150000000000034,27.500292968750045,,0.0,0.0,1,71803,14.33746893316245,0.42081651193318687,Araguatins,Tocantins
1084,5447,2025-09-01,,,,5,7,2,22.107994927300346,4.675458696153429,,,28.503271484375034,28.150000000000034,,0.0,0.0,0,71803,14.33746893316245,0.42081651193318687,Araguatins,Tocantins
1085,5447,2025-10-01,,,,4,5,1,28.281409369574654,22.107994927300346,,,29.572509765625,28.503271484375034,,0.0,0.0,0,71803,14.33746893316245,0.42081651193318687,Araguatins,Tocantins
1086,5447,2025-11-01,,,,1,4,2,57.00819227430556,28.281409369574654,,,29.275683593750045,29.572509765625,,0.0,0.0,0,71803,14.33746893316245,0.42081651193318687,Araguatins,Tocantins
1087,5447,2025-12-01,,,,3,1,7,128.83936903211804,57.00819227430556,,,28.557470703125034,29.275683593750045,,0.0,0.0,0,71803,14.33746893316245,0.42081651193318687,Araguatins,Tocantins
